player_name,team_name,position,accurateCrosses,accurateCrossesPercentage,accurateFinalThirdPasses,accurateLongBalls,accurateLongBallsPercentage,accurateOppositionHalfPasses,accurateOwnHalfPasses,accuratePasses,accuratePassesPercentage,aerialDuelsWon,aerialDuelsWonPercentage,aerialLost,appearances,assists,ballRecovery,bigChancesCreated,bigChancesMissed,blockedShots,cleanSheet,clearances,dispossessed,dribbledPast,duelLost,errorLeadToGoal,errorLeadToShot,expectedAssists,expectedGoals,fouls,freeKickGoal,goalConversionPercentage,goals,goalsAssistsSum,goalsConceded,goalsConcededInsideTheBox,goalsConcededOutsideTheBox,goalsFromInsideTheBox,goalsFromOutsideTheBox,goalsPrevented,groundDuelsWon,groundDuelsWonPercentage,headedGoals,highClaims,hitWoodwork,inaccuratePasses,interceptions,keyPasses,leftFootGoals,matchesStarted,minutesPlayed,offsides,ownGoals,passToAssist,penaltiesTaken,penaltyConceded,penaltyConversion,penaltyFaced,penaltyGoals,penaltySave,penaltyWon,possessionLost,possessionWonAttThird,punches,rating,redCards,rightFootGoals,savedShotsFromInsideTheBox,savedShotsFromOutsideTheBox,saves,savesCaught,savesParried,scoringFrequency,setPieceConversion,shotFromSetPiece,shotsFromInsideTheBox,shotsFromOutsideTheBox,shotsOffTarget,shotsOnTarget,successfulDribbles,successfulDribblesPercentage,tackles,tacklesWon,tacklesWonPercentage,totalAttemptAssist,totalContest,totalCross,totalDuelsWon,totalDuelsWonPercentage,totalLongBalls,totalOppositionHalfPasses,totalOwnHalfPasses,totalPasses,totalShots,totwAppearances,touches,wasFouled,yellowCards
Declan Rice,Arsenal,M,41,28.08219178,459,72,48.64864865,891,687,1578,87.8130217,44,72.13114754,17,30,5,154,14,3,10,10,65,15,12,77,1,0,6.0731214,2.8732,20,0,11.11111111,4,9,21,15,6,3,1,,77,56.20437956,1,0,0,219,30,59,0,29,2585,1,0,1,0,0,0.0,0,0,0,0,406,11,0,7.49,0,3,0,0,0,0,0,646.25,0.0,5,13,23,14,12,12,48.0,57,31,54.38596491,58,25,146,121,61.11111111,148,1054,743,1797,36,3,2327,8,2
Martín Zubimendi,Arsenal,M,2,18.18181818,369,48,49.48453608,833,661,1494,88.19362456,59,68.60465116,27,31,1,99,1,2,7,10,64,9,17,84,2,2,2.18562559,2.7812,27,0,19.23076923,5,6,20,15,5,3,2,,68,54.4,2,0,2,200,34,16,0,30,2604,0,0,0,0,0,0.0,0,0,0,0,258,6,0,7.087096774,0,3,0,0,0,0,0,520.8,0.0,0,19,7,10,9,6,50.0,54,30,55.55555556,16,12,11,127,60.18957346,97,985,709,1694,26,2,2026,10,4
Max Dowman,Arsenal,M,0,0.0,9,0,0.0,13,3,16,94.11764706,0,0.0,0,3,0,5,0,0,1,0,0,3,2,12,0,0,0.04663363,1.1064,0,0,20.0,1,1,0,0,0,1,0,,9,42.85714286,0,0,0,1,0,2,1,0,52,0,0,0,0,0,0.0,0,0,0,1,15,1,0,7.066666667,0,0,0,0,0,0,0,52.0,0.0,0,4,1,3,1,3,30.0,2,2,100.0,2,10,1,9,42.85714286,0,14,3,17,5,0,51,4,0
Martin Ødegaard,Arsenal,M,5,25.0,228,32,56.14035088,373,164,537,85.10301109,2,28.57142857,5,20,5,51,5,0,4,2,6,10,10,43,0,1,2.92470393,1.0108,7,0,5.0,1,6,11,8,3,0,1,,33,46.47887324,0,0,0,94,7,31,1,13,1078,2,0,1,0,0,0.0,0,0,0,0,148,14,0,6.995,0,0,0,0,0,0,0,1078.0,0.0,0,9,11,9,7,9,45.0,17,6,35.29411765,30,20,20,35,44.87179487,57,455,176,631,20,2,770,7,0
Mikel Merino,Arsenal,M,0,0.0,96,7,33.33333333,164,105,269,75.77464789,28,39.43661972,43,21,3,55,4,4,6,2,19,17,6,92,0,0,1.45131127,2.9983,21,0,19.04761905,4,7,9,7,2,4,0,,51,51.0,3,0,0,86,10,12,0,10,1007,3,0,0,0,0,0.0,0,0,0,0,133,8,0,6.861904762,0,1,0,0,0,0,0,251.75,0.0,0,17,4,7,8,5,41.66666667,26,13,50.0,12,12,4,79,46.19883041,21,237,118,355,21,1,539,20,1
Noni Madueke,Arsenal,M,13,20.63492063,124,8,50.0,179,47,226,74.58745875,10,55.55555556,8,20,1,22,4,2,7,0,6,13,15,70,0,0,2.04337871,1.0238,12,0,10.0,2,3,7,4,3,1,1,,50,44.64285714,1,0,0,77,4,17,1,12,908,2,0,0,0,0,0.0,0,0,0,0,198,7,0,6.857894737,0,0,0,0,0,0,0,454.0,0.0,0,19,1,6,7,24,52.17391304,16,9,56.25,17,46,63,60,46.15384615,16,249,54,303,20,2,552,10,0
Ethan Nwaneri,Arsenal,M,0,0.0,26,5,55.55555556,42,37,79,90.8045977,1,25.0,3,6,0,10,0,0,2,0,1,2,3,14,0,0,0.08285118,0.2321,2,0,0.0,0,0,0,0,0,0,0,,4,26.66666667,0,0,0,8,0,1,0,0,175,0,0,0,0,0,0.0,0,0,0,0,20,2,0,6.74,0,0,0,0,0,0,0,0.0,0.0,0,4,2,4,0,3,37.5,1,0,0.0,1,8,2,5,26.31578947,9,48,39,87,6,0,121,0,0
Christian Nørgaard,Arsenal,M,0,0.0,0,0,0.0,3,16,19,82.60869565,2,50.0,2,6,0,4,0,0,0,0,6,1,2,6,0,0,0.00172916,0.0511,1,0,0.0,0,0,1,1,0,0,0,,0,0.0,0,0,0,4,0,0,0,0,63,0,0,0,0,0,0.0,0,0,0,0,8,1,0,6.6,0,0,0,0,0,0,0,0.0,0.0,0,0,1,0,1,0,0.0,0,0,0.0,0,0,0,2,25.0,1,6,17,23,1,0,41,0,0
Rodri,Manchester City,M,1,20.0,287,78,69.02654867,732,485,1217,89.88183161,28,77.77777778,8,18,0,91,2,0,4,2,34,10,12,47,0,3,2.26895352,0.7617,10,0,9.090909091,1,1,13,10,3,1,0,,67,63.20754717,1,0,0,137,13,23,0,14,1245,0,0,0,0,0,0.0,0,0,0,0,172,7,0,7.452941176,0,0,0,0,0,0,0,1245.0,0.0,0,5,6,5,2,6,46.15384615,35,19,54.28571429,23,13,5,95,66.90140845,113,831,523,1354,11,2,1561,26,2
Jérémy Doku,Manchester City,M,13,29.54545455,233,10,62.5,336,76,412,83.7398374,3,33.33333333,6,22,4,57,10,4,8,1,0,38,5,111,0,0,4.7226095,1.8343,17,0,4.545454545,1,5,13,10,3,0,1,,118,52.91479821,0,0,1,80,10,43,0,13,1230,3,0,1,0,0,0.0,0,0,0,2,262,12,0,7.268181818,0,1,0,0,0,0,0,1230.0,0.0,0,16,6,6,8,63,57.79816514,16,11,68.75,42,109,44,121,52.15517241,16,408,84,492,22,3,880,40,0
Rayan Cherki,Manchester City,M,19,32.75862069,335,22,46.80851064,580,236,816,86.07594937,1,14.28571429,6,25,8,76,15,1,13,2,6,27,17,104,0,1,6.62021491,2.47,13,0,9.090909091,3,11,13,10,3,2,1,,91,48.14814815,0,0,1,132,7,43,0,14,1316,1,0,1,0,0,0.0,0,0,0,0,282,15,0,7.208,0,3,0,0,0,0,0,438.6666667,0.0,2,24,9,12,8,37,47.43589744,24,17,70.83333333,42,78,58,92,46.93877551,47,690,258,948,33,2,1311,30,1
Antoine Semenyo,Manchester City,M,5,12.82051282,242,25,50.0,411,161,572,77.92915531,58,50.43478261,57,29,4,128,6,7,9,8,26,53,18,230,0,2,2.3404016,9.8569,51,1,22.05882353,15,19,47,39,8,11,4,,97,35.92592593,0,0,3,162,9,33,6,29,2588,18,0,0,2,1,50.0,0,1,0,0,440,21,0,7.072413793,0,9,0,0,0,0,0,172.5333333,50.0,2,51,17,23,36,38,41.30434783,40,29,72.5,33,92,39,155,40.25974026,50,544,190,734,68,3,1360,19,6
Phil Foden,Manchester City,M,34,33.00970874,314,39,61.9047619,602,322,924,88.08388942,6,28.57142857,15,26,3,84,8,4,19,7,12,25,13,86,0,2,3.98020912,5.4693,17,0,13.7254902,7,10,16,11,5,5,2,,76,51.70068027,2,0,1,125,8,45,4,21,1828,2,0,1,0,0,0.0,0,0,0,0,275,9,0,7.019230769,0,1,0,0,0,0,0,261.1428571,0.0,2,28,23,15,17,22,56.41025641,28,12,42.85714286,44,39,103,82,48.80952381,63,698,351,1049,51,3,1439,26,4
Nico González,Manchester City,M,1,50.0,252,29,55.76923077,635,399,1034,89.75694444,29,52.72727273,26,21,0,79,1,0,8,4,40,13,8,77,0,1,0.99966107,0.571,28,0,8.333333333,1,1,14,11,3,0,1,,64,55.65217391,0,0,0,118,21,8,0,15,1375,0,0,0,0,0,0.0,0,0,0,0,157,11,0,6.995238095,0,1,0,0,0,0,0,1375.0,0.0,0,2,10,2,2,11,68.75,36,26,72.22222222,8,16,2,93,54.70588235,52,712,440,1152,12,1,1383,17,6
Rayan Aït-Nouri,Manchester City,M,3,25.0,136,4,23.52941176,273,151,424,89.83050847,13,72.22222222,5,13,2,40,2,1,2,3,17,6,6,45,0,1,1.60369373,0.4196,11,0,0.0,0,2,8,5,3,0,0,,55,57.89473684,0,0,0,48,13,8,0,10,782,0,0,0,0,0,0.0,0,0,0,0,103,3,0,6.945454545,0,0,0,0,0,0,0,0.0,0.0,0,2,5,4,1,19,52.77777778,28,20,71.42857143,8,36,12,68,60.17699115,17,303,169,472,7,1,701,8,2
Bernardo Silva,Manchester City,M,15,29.41176471,452,51,62.96296296,826,662,1488,90.51094891,4,17.39130435,19,30,4,111,7,1,6,4,27,26,20,121,0,1,3.37696173,1.5081,34,0,11.76470588,2,6,24,17,7,2,0,,67,39.64497041,0,0,1,156,16,35,2,26,2258,5,0,0,0,0,0.0,0,0,0,0,273,15,0,6.853333333,0,0,0,0,0,0,0,1129.0,0.0,0,16,1,6,5,16,40.0,32,14,43.75,35,40,51,71,36.97916667,81,941,703,1644,17,1,1985,19,9
Tijjani Reijnders,Manchester City,M,10,27.02702703,251,11,52.38095238,446,214,660,88.82907133,3,37.5,5,26,2,54,4,4,10,2,19,16,6,68,0,1,2.25920791,3.9949,18,0,12.19512195,5,7,16,13,3,5,0,,44,41.12149533,0,0,1,83,10,18,3,17,1503,4,0,1,0,0,0.0,0,0,0,0,184,13,0,6.85,0,2,0,0,0,0,0,300.6,0.0,2,27,14,16,15,19,44.18604651,10,4,40.0,17,43,37,47,40.86956522,21,514,229,743,41,1,1018,15,2
Mateo Kova?i?,Manchester City,M,0,0.0,2,0,0.0,9,13,22,100.0,0,0.0,0,1,0,0,0,0,0,0,0,1,0,1,0,0,0.00258857,,0,0,0.0,0,0,0,0,0,0,0,,1,50.0,0,0,0,0,0,0,0,0,12,0,0,0,0,0,0.0,0,0,0,0,1,0,0,6.7,0,0,0,0,0,0,0,0.0,0.0,0,0,0,0,0,1,100.0,0,0,0.0,0,1,0,1,50.0,0,9,13,22,0,0,24,0,0
Savinho,Manchester City,M,6,21.42857143,105,5,45.45454545,173,46,219,83.58778626,0,0.0,4,17,1,31,0,6,2,1,4,6,2,40,0,0,1.21431558,1.5342,8,0,0.0,0,1,5,4,1,0,0,,24,40.0,0,0,0,43,5,6,0,5,582,4,0,0,0,0,0.0,0,0,0,1,111,3,0,6.694117647,0,0,0,0,0,0,0,0.0,0.0,0,14,0,3,9,8,28.57142857,6,3,50.0,6,28,28,24,37.5,11,211,51,262,14,0,413,10,2
Divine Mukasa,Manchester City,M,0,0.0,11,0,0.0,15,3,18,94.73684211,0,0.0,2,2,0,1,0,0,0,0,0,2,1,6,0,0,0.20618365,,1,0,0.0,0,0,0,0,0,0,0,,0,0.0,0,0,0,1,0,2,0,0,25,0,0,0,0,0,0.0,0,0,0,0,4,0,0,6.5,0,0,0,0,0,0,0,0.0,0.0,0,0,0,0,0,0,0.0,0,0,0.0,2,0,0,0,0.0,0,16,3,19,0,0,23,0,0
Bruno Fernandes,Manchester United,M,41,30.82706767,530,110,59.13978495,885,446,1331,82.67080745,18,38.29787234,29,28,16,138,24,8,26,4,39,25,31,121,0,2,9.0768133,10.3486,20,1,10.95890411,8,24,39,35,4,7,1,,93,50.27027027,0,0,5,279,15,101,0,28,2437,4,0,0,6,1,66.66666667,0,4,0,0,459,12,0,7.55,0,8,0,0,0,0,0,304.625,20.0,5,35,38,26,21,15,48.38709677,46,26,56.52173913,101,31,133,111,47.84482759,186,1105,505,1610,73,5,2143,33,3
Casemiro,Manchester United,M,3,21.42857143,259,69,51.87969925,589,500,1089,81.02678571,46,47.42268041,51,29,2,117,4,5,14,1,50,11,37,143,0,2,2.91479324,4.657,41,0,16.27906977,7,9,24,23,1,6,1,,104,53.06122449,6,0,1,255,23,28,0,28,2152,3,0,0,0,0,0.0,0,0,0,0,314,7,0,7.124137931,1,1,0,0,0,0,0,307.4285714,0.0,0,25,18,15,14,6,50.0,71,36,50.70422535,28,12,14,150,51.19453925,133,762,582,1344,43,2,1758,27,8
Patrick Dorgu,Manchester United,M,15,27.77777778,121,6,35.29411765,201,154,355,75.85470085,42,54.54545455,35,22,3,72,5,2,5,2,31,21,15,113,0,0,1.4381283,1.8222,19,0,14.28571429,3,6,20,19,1,2,1,,98,55.68181818,0,0,1,113,14,24,3,14,1349,7,0,0,0,0,0.0,0,0,0,0,250,3,0,6.923809524,0,0,0,0,0,0,0,449.6666667,0.0,0,15,6,8,8,10,28.57142857,47,31,65.95744681,24,35,54,140,55.33596838,17,285,183,468,21,1,912,42,5
Bryan Mbeumo,Manchester United,M,30,33.70786517,254,13,50.0,380,168,548,78.84892086,11,14.1025641,67,26,3,75,5,10,8,0,12,26,12,157,0,1,4.31965464,8.1948,20,0,15.0,9,12,33,29,4,9,0,,63,41.17647059,1,0,1,147,7,40,5,26,2196,7,0,0,0,0,0.0,0,0,0,1,350,19,0,6.880769231,0,3,0,0,0,0,0,244.0,0.0,0,45,15,22,30,14,30.43478261,23,10,43.47826087,40,46,89,74,32.03463203,26,501,194,695,60,2,1149,26,4
Diogo Dalot,Manchester United,M,15,29.41176471,243,34,61.81818182,450,386,836,84.87309645,42,68.85245902,19,29,3,114,5,3,3,4,74,16,17,81,1,2,2.37226979,1.605,22,0,4.761904762,1,4,35,32,3,1,0,,67,51.9379845,0,0,0,149,25,27,0,25,2236,4,0,0,0,0,0.0,0,0,0,0,303,9,0,6.85862069,0,1,0,0,0,0,0,2236.0,0.0,0,13,8,12,6,16,69.56521739,40,26,65.0,27,23,51,109,57.36842105,55,552,433,985,21,2,1559,12,5
Mason Mount,Manchester United,M,1,5.555555556,124,19,59.375,188,68,256,79.25696594,5,27.77777778,13,18,0,43,1,1,6,0,4,11,10,54,0,0,1.40211272,1.4878,12,0,16.66666667,3,3,14,12,2,2,1,,28,40.57971014,0,0,1,67,3,13,0,10,820,0,0,0,0,0,0.0,0,0,0,1,117,9,0,6.85,0,3,0,0,0,0,0,273.3333333,0.0,1,12,6,7,5,5,38.46153846,14,8,57.14285714,13,13,18,33,37.93103448,32,235,88,323,18,0,453,9,0
Kobbie Mainoo,Manchester United,M,4,33.33333333,178,15,60.0,398,233,631,89.88603989,13,38.23529412,21,22,2,63,0,0,3,3,19,23,7,72,0,1,0.84820915,0.2363,8,0,0.0,0,2,17,14,3,0,0,,53,50.96153846,0,0,0,71,7,17,0,10,1130,1,0,0,0,0,0.0,0,0,0,0,140,8,0,6.766666667,0,0,0,0,0,0,0,0.0,0.0,0,0,8,3,2,11,44.0,26,11,42.30769231,17,25,12,66,47.82608696,25,449,253,702,8,0,917,16,0
Manuel Ugarte,Manchester United,M,0,0.0,90,12,50.0,205,173,378,84.75336323,10,45.45454545,12,21,0,50,0,1,3,1,17,11,16,63,0,1,0.18333629,0.4906,22,0,0.0,0,0,21,20,1,0,0,,62,54.86725664,0,0,0,68,18,3,0,7,810,0,0,0,0,0,0.0,0,0,0,0,93,1,0,6.661904762,0,0,0,0,0,0,0,0.0,0.0,0,4,7,7,1,7,77.77777778,43,26,60.46511628,3,9,0,72,53.33333333,24,253,193,446,11,0,617,12,1
Shea Lacey,Manchester United,M,0,0.0,0,0,0.0,2,1,3,100.0,0,0.0,0,2,0,0,0,0,0,0,0,1,0,1,0,0,0.00033481,0.07,0,0,0.0,0,0,0,0,0,0,0,,2,66.66666667,0,0,1,0,0,0,0,0,23,0,0,0,0,0,0.0,0,0,0,0,3,0,0,6.6,0,0,0,0,0,0,0,0.0,0.0,0,0,3,2,1,1,100.0,1,1,100.0,0,1,0,2,66.66666667,0,2,1,3,3,0,12,0,0
Jack Fletcher,Manchester United,M,0,0.0,4,2,66.66666667,23,14,37,82.22222222,1,20.0,4,3,0,4,0,0,0,0,0,4,0,11,0,0,0.03119804,0.0348,2,0,0.0,0,0,0,0,0,0,0,,6,46.15384615,0,0,0,8,1,2,0,0,107,0,0,0,0,0,0.0,0,0,0,0,16,0,0,6.566666667,0,0,0,0,0,0,0,0.0,0.0,0,0,1,1,0,0,0.0,5,2,40.0,2,1,0,7,38.88888889,3,27,18,45,1,0,63,1,0
Bendito Mantato,Manchester United,M,0,0.0,1,0,0.0,4,1,5,100.0,0,0.0,0,1,0,0,0,0,0,0,0,0,0,1,0,0,0.00757657,,0,0,0.0,0,0,0,0,0,0,0,,0,0.0,0,0,0,0,0,1,0,0,15,0,0,0,0,0,0.0,0,0,0,0,2,0,0,6.5,0,0,0,0,0,0,0,0.0,0.0,0,0,0,0,0,0,0.0,0,0,0.0,1,1,1,0,0.0,0,4,1,5,0,0,8,0,0
Tyler Fletcher,Manchester United,M,0,0.0,1,0,0.0,5,2,7,100.0,0,0.0,0,1,0,0,0,0,0,0,0,0,0,0,0,0,0.00537702,,0,0,0.0,0,0,0,0,0,0,0,,0,0.0,0,0,0,0,0,0,0,0,1,0,0,0,0,0,0.0,0,0,0,0,0,0,0,0.0,0,0,0,0,0,0,0,0.0,0.0,0,0,0,0,0,0,0.0,0,0,0.0,0,0,0,0,0.0,0,5,2,7,0,0,7,0,0
Youri Tielemans,Aston Villa,M,9,30.0,220,42,63.63636364,442,255,697,84.58737864,14,48.27586207,15,18,4,71,4,2,6,2,13,11,16,67,0,1,2.6121743,0.9934,22,0,0.0,0,4,17,15,2,0,0,,75,59.05511811,0,0,0,127,11,27,0,15,1322,1,0,0,0,0,0.0,0,0,0,0,187,7,0,7.15,0,0,0,0,0,0,0,0.0,0.0,0,7,10,7,4,9,69.23076923,40,24,60.0,27,13,30,89,57.05128205,66,540,284,824,17,1,1072,27,0
Boubacar Kamara,Aston Villa,M,0,0.0,198,31,67.39130435,392,330,722,88.26405868,36,64.28571429,20,18,3,65,0,2,3,2,20,15,19,88,0,3,0.86047139,0.4904,17,0,14.28571429,1,4,15,14,1,0,1,,80,54.05405405,0,0,0,96,18,15,1,17,1418,0,0,0,0,0,0.0,0,0,0,0,145,5,0,7.122222222,0,0,0,0,0,0,0,1418.0,0.0,0,5,2,0,4,14,45.16129032,37,17,45.94594595,15,31,2,116,56.8627451,46,461,357,818,7,0,1048,30,5
Amadou Onana,Aston Villa,M,0,0.0,115,40,64.51612903,307,343,650,86.89839572,42,68.85245902,19,22,0,64,0,3,3,3,56,10,10,62,1,1,0.64819187,1.4001,17,0,12.5,2,2,22,20,2,1,1,,69,61.60714286,1,0,0,98,23,5,0,19,1579,0,0,0,0,0,0.0,0,0,0,0,136,4,0,7.063636364,0,1,0,0,0,0,0,789.5,0.0,0,9,7,7,6,6,50.0,43,27,62.79069767,5,12,0,111,64.16184971,62,381,367,748,16,1,1021,23,2
Ross Barkley,Aston Villa,M,0,0.0,82,10,71.42857143,129,89,218,87.5502008,13,68.42105263,6,14,0,25,3,0,3,0,7,6,4,22,0,0,1.15361213,0.6815,3,0,18.18181818,2,2,6,6,0,2,0,,19,54.28571429,1,0,0,31,2,7,1,2,406,0,0,0,0,0,0.0,0,0,0,0,47,1,0,7.021428571,0,0,0,0,0,0,0,203.0,0.0,0,4,7,4,4,6,66.66666667,9,8,88.88888889,7,9,0,32,59.25925926,14,150,99,249,11,1,323,4,0
John McGinn,Aston Villa,M,16,25.3968254,172,30,55.55555556,312,180,492,82.0,9,39.13043478,14,24,2,73,4,3,5,2,13,41,14,110,0,0,2.12531076,2.5751,25,0,20.0,4,6,22,19,3,1,3,,78,44.82758621,0,0,0,108,11,27,4,23,1735,0,0,0,0,0,0.0,0,0,0,0,252,17,0,6.858333333,0,0,0,0,0,0,0,433.75,0.0,0,9,11,7,8,10,38.46153846,27,15,55.55555556,27,26,63,87,44.16243655,54,396,204,600,20,1,946,41,3
Douglas Luiz,Aston Villa,M,11,26.19047619,126,24,57.14285714,257,240,497,89.38848921,7,53.84615385,6,16,0,48,2,2,3,0,8,3,6,32,0,1,1.39112824,0.4908,12,0,10.0,1,1,13,9,4,1,0,,38,59.375,0,0,0,59,12,18,0,11,823,0,0,0,0,1,0.0,0,0,0,0,120,3,0,6.85625,0,1,0,0,0,0,0,823.0,0.0,0,4,6,3,4,5,45.45454545,21,11,52.38095238,18,11,42,45,58.44155844,42,304,252,556,10,0,733,12,2
Emiliano Buendía,Aston Villa,M,0,0.0,190,19,55.88235294,277,176,453,81.03756708,20,38.46153846,32,29,2,92,2,2,13,0,17,30,18,130,0,1,1.93559902,2.9224,34,1,12.5,5,7,19,18,1,2,3,,79,44.63276836,0,0,1,106,9,23,1,18,1475,1,0,0,0,0,0.0,0,0,0,0,193,13,0,6.844827586,0,4,0,0,0,0,0,295.0,25.0,4,15,25,18,9,8,29.62962963,38,20,52.63157895,23,27,8,99,43.23144105,34,358,201,559,40,3,879,33,6
Morgan Rogers,Aston Villa,M,3,6.818181818,322,34,61.81818182,452,218,670,75.7918552,24,31.57894737,52,31,5,114,10,3,21,7,27,66,19,241,0,2,3.47496349,5.7986,38,1,11.11111111,8,13,37,33,4,5,3,,106,35.93220339,0,0,2,214,11,40,1,31,2757,3,0,0,0,1,0.0,0,0,0,0,513,20,0,6.838709677,0,7,0,0,0,0,0,344.625,25.0,4,41,31,21,30,34,33.66336634,32,18,56.25,40,101,44,130,35.04043127,55,618,266,884,72,3,1504,40,6
Jadon Sancho,Aston Villa,M,3,14.28571429,154,1,50.0,216,69,285,85.07462687,3,42.85714286,4,19,2,21,3,1,6,0,9,9,7,35,0,1,1.88665095,0.6009,3,0,0.0,0,2,5,5,0,0,0,,21,40.38461538,0,0,0,50,2,21,0,8,771,2,0,0,0,0,0.0,0,0,0,0,109,1,0,6.726315789,0,0,0,0,0,0,0,0.0,0.0,0,8,2,1,3,13,52.0,6,3,50.0,21,25,21,24,40.6779661,2,258,77,335,10,0,468,2,0
Leon Bailey,Aston Villa,M,4,26.66666667,52,1,50.0,63,19,82,77.35849057,4,50.0,4,9,1,23,0,0,3,0,2,7,4,37,0,0,1.20996422,0.3028,5,0,0.0,0,1,8,7,1,0,0,,15,31.25,0,0,0,24,1,9,0,2,336,1,0,0,0,0,0.0,0,0,0,0,74,3,0,6.6,0,0,0,0,0,0,0,0.0,0.0,0,4,2,2,1,4,19.04761905,7,4,57.14285714,9,21,15,19,33.92857143,2,83,23,106,6,0,194,4,1
Alysson,Aston Villa,M,0,0.0,9,0,0.0,10,4,14,82.35294118,0,0.0,0,3,0,3,0,0,0,0,0,0,0,0,0,0,0.04564256,0.0455,0,0,0.0,0,0,2,2,0,0,0,,3,100.0,0,0,0,3,1,0,0,0,56,0,0,0,0,0,0.0,0,0,0,0,9,0,0,6.6,0,0,0,0,0,0,0,0.0,0.0,0,1,0,1,0,2,100.0,0,0,0.0,0,2,2,3,100.0,1,13,4,17,1,0,30,1,0
George Hemmings,Aston Villa,M,0,0.0,3,1,100.0,12,5,17,100.0,0,0.0,0,2,0,1,0,0,1,0,0,0,0,1,0,0,0.00926846,0.0381,1,0,0.0,0,0,0,0,0,0,0,,0,0.0,0,0,0,0,0,0,0,0,25,0,0,0,0,0,0.0,0,0,0,0,0,0,0,6.6,0,0,0,0,0,0,0,0.0,0.0,0,0,1,0,0,0,0.0,0,0,0.0,0,0,0,0,0.0,1,12,5,17,1,0,20,0,0
Jamaldeen Jimoh,Aston Villa,M,0,0.0,1,0,0.0,2,4,6,85.71428571,0,0.0,0,1,0,1,0,0,0,0,0,0,0,1,0,0,0.00260031,,0,0,0.0,0,0,0,0,0,0,0,,1,50.0,0,0,0,1,0,0,0,0,8,0,0,0,0,0,0.0,0,0,0,0,2,0,0,6.6,0,0,0,0,0,0,0,0.0,0.0,0,0,0,0,0,0,0.0,0,0,0.0,0,1,0,1,50.0,0,2,5,7,0,0,11,1,0
Lamare Bogarde,Aston Villa,M,1,50.0,84,6,37.5,184,196,380,89.20187793,8,34.7826087,15,24,0,33,0,0,0,1,20,6,5,45,1,2,0.19126478,,14,0,0.0,0,0,13,11,2,0,0,,39,56.52173913,0,0,0,46,3,2,0,8,857,0,0,0,0,0,0.0,0,0,0,0,72,2,0,6.591304348,0,0,0,0,0,0,0,0.0,0.0,0,0,0,0,0,2,28.57142857,20,13,65.0,2,7,2,47,51.08695652,16,213,213,426,0,0,557,17,5
Harvey Elliott,Aston Villa,M,1,33.33333333,41,1,20.0,59,10,69,84.14634146,1,50.0,1,5,0,4,0,0,4,0,1,0,0,2,0,0,0.09142751,0.291,0,0,0.0,0,0,2,2,0,0,0,,2,66.66666667,0,0,0,13,0,1,0,1,117,0,0,0,0,0,0.0,0,0,0,0,18,1,0,6.52,0,0,0,0,0,0,0,0.0,0.0,0,4,1,1,0,0,0.0,0,0,0.0,1,1,3,3,60.0,5,69,13,82,5,0,103,2,0
Bradley Burrowes,Aston Villa,M,0,0.0,1,0,0.0,1,2,3,60.0,0,0.0,0,1,0,1,0,0,0,0,0,0,1,2,0,0,0.00093143,,0,0,0.0,0,0,1,1,0,0,0,,1,33.33333333,0,0,0,2,0,0,0,0,16,0,0,0,0,0,0.0,0,0,0,0,6,0,0,6.4,0,0,0,0,0,0,0,0.0,0.0,0,0,0,0,0,0,0.0,0,0,0.0,0,1,3,1,33.33333333,0,2,3,5,0,0,12,1,0
Dominik Szoboszlai,Liverpool,M,53,32.51533742,567,108,59.66850829,962,622,1584,87.36900165,16,51.61290323,15,29,3,160,7,3,17,7,51,20,31,110,1,4,5.1664562,3.8601,28,4,8.620689655,5,8,41,34,7,1,4,,93,49.46808511,0,0,1,229,23,58,0,29,2603,1,0,0,1,0,0.0,0,0,0,0,425,15,0,7.193103448,1,5,0,0,0,0,0,520.6,33.33333333,12,13,45,22,19,23,58.97435897,44,29,65.90909091,58,39,163,109,49.7716895,181,1114,699,1813,58,4,2477,26,7
Ryan Gravenberch,Liverpool,M,0,0.0,405,21,31.34328358,855,592,1447,89.32098765,24,57.14285714,18,29,3,116,4,0,12,9,46,22,12,99,0,2,2.03067647,1.6512,30,0,12.90322581,4,7,34,29,5,2,2,,112,58.03108808,0,0,1,173,41,24,1,29,2521,0,0,0,0,0,0.0,0,0,0,0,274,9,0,7.124137931,0,3,0,0,0,0,0,630.25,0.0,0,7,24,10,9,26,57.77777778,50,31,62.0,24,45,5,136,57.87234043,67,978,642,1620,31,3,2048,36,5
Cody Gakpo,Liverpool,M,11,13.0952381,302,14,60.86956522,420,88,508,79.25117005,42,53.84615385,36,29,3,73,9,5,27,5,18,20,11,124,0,0,4.26980968,6.6832,32,0,8.695652174,6,9,29,26,3,6,0,,90,50.56179775,0,0,4,133,10,44,1,25,2159,20,0,0,0,0,0.0,0,0,0,1,328,16,0,6.975862069,0,5,0,0,0,0,0,359.8333333,0.0,0,47,22,26,16,28,51.85185185,23,10,43.47826087,44,54,84,132,51.5625,23,520,121,641,69,1,1111,39,2
Florian Wirtz,Liverpool,M,5,16.66666667,503,34,54.83870968,792,234,1026,84.375,5,12.82051282,34,27,2,94,4,6,17,2,10,27,17,124,0,1,4.40544507,5.7297,19,0,9.523809524,4,6,25,21,4,4,0,,83,47.97687861,0,0,1,190,9,51,1,23,2015,2,0,1,0,0,0.0,0,0,0,0,320,15,0,6.866666667,0,3,0,0,0,0,0,503.75,0.0,1,30,12,9,16,35,55.55555556,31,24,77.41935484,50,63,30,88,41.50943396,62,946,270,1216,42,3,1600,17,1
Curtis Jones,Liverpool,M,1,14.28571429,369,37,67.27272727,693,365,1058,92.0,7,26.92307692,19,27,1,95,3,3,5,1,17,21,17,74,0,4,2.36745532,2.0667,10,0,0.0,0,1,26,23,3,0,0,,64,53.78151261,0,0,2,92,8,18,0,11,1368,0,0,0,0,0,0.0,0,0,0,0,158,7,0,6.814814815,0,0,0,0,0,0,0,0.0,0.0,0,12,8,9,6,16,69.56521739,28,17,60.71428571,18,23,7,71,48.96551724,55,762,388,1150,20,0,1387,20,1
Mohamed Salah,Liverpool,M,16,16.0,275,13,41.93548387,387,89,476,75.19747235,8,33.33333333,16,22,6,67,10,10,20,4,6,37,5,109,0,0,4.3452983,6.819,10,0,8.771929825,5,11,32,26,6,5,0,,38,29.00763359,0,0,0,157,4,44,2,19,1820,12,0,0,1,0,100.0,0,1,0,0,387,18,0,6.8,0,3,0,0,0,0,0,364.0,0.0,2,47,10,23,14,12,22.64150943,10,8,80.0,44,53,100,46,29.67741935,31,526,107,633,57,0,1056,16,1
Jeremie Frimpong,Liverpool,M,8,19.04761905,125,6,30.0,204,90,294,84.97109827,5,41.66666667,7,15,1,40,3,0,3,1,11,11,8,37,0,0,1.26384494,0.4308,4,0,0.0,0,1,9,8,1,0,0,,40,57.14285714,0,0,0,52,5,11,0,9,768,3,0,0,0,0,0.0,0,0,0,0,131,6,0,6.78,0,0,0,0,0,0,0,0.0,0.0,0,7,1,4,1,18,72.0,9,9,100.0,11,25,42,45,54.87804878,20,234,112,346,8,0,567,13,1
Alexis Mac Allister,Liverpool,M,9,47.36842105,309,39,50.64935065,659,348,1007,86.36363636,14,42.42424242,19,30,2,92,2,2,18,6,29,25,33,112,0,1,1.32489005,3.2789,23,0,4.545454545,2,4,31,25,6,2,0,,79,45.93023256,0,0,2,159,19,25,0,26,2184,0,0,0,0,0,0.0,0,0,0,0,245,10,0,6.736666667,0,2,0,0,0,0,0,1092.0,0.0,0,28,16,15,11,9,37.5,43,20,46.51162791,25,24,19,93,45.36585366,77,777,389,1166,44,0,1528,27,5
Wataru Endo,Liverpool,M,0,0.0,18,5,83.33333333,38,42,80,85.10638298,8,66.66666667,4,8,1,3,0,0,1,0,13,1,2,10,0,0,0.05474669,0.0386,2,0,0.0,0,1,5,4,1,0,0,,10,62.5,0,0,0,14,0,1,0,1,206,0,0,0,0,0,0.0,0,0,0,0,27,0,0,6.7,0,0,0,0,0,0,0,0.0,0.0,0,0,1,0,0,0,0.0,7,3,42.85714286,1,1,3,18,64.28571429,6,46,48,94,1,0,140,3,1
Trey Nyoni,Liverpool,M,0,0.0,3,0,0.0,6,4,10,90.90909091,0,0.0,0,4,0,2,0,1,0,0,0,1,0,2,0,0,0.01409951,0.3697,0,0,0.0,0,0,1,1,0,0,0,,0,0.0,0,0,0,1,0,1,0,0,28,1,0,0,0,0,0.0,0,0,0,0,3,0,0,6.4,0,0,0,0,0,0,0,0.0,0.0,0,1,0,1,0,0,0.0,0,0,0.0,1,1,0,0,0.0,0,7,4,11,1,0,16,0,0
Moisés Caicedo,Chelsea,M,2,28.57142857,326,47,64.38356164,781,683,1464,92.24952741,12,34.28571429,23,26,1,141,3,1,9,5,22,14,23,111,0,3,2.03656957,1.2799,41,0,13.63636364,3,4,32,30,2,1,2,,126,58.87850467,0,0,0,123,52,14,0,25,2185,0,0,1,0,1,0.0,0,0,0,0,177,7,0,7.230769231,1,3,0,0,0,0,0,728.3333333,0.0,0,6,16,6,7,10,50.0,76,42,55.26315789,13,20,7,138,55.42168675,73,868,719,1587,22,1,1943,40,9
Enzo Fernández,Chelsea,M,10,15.38461538,459,72,58.06451613,871,577,1448,86.34466309,23,51.11111111,22,30,3,118,10,8,16,5,27,36,30,147,0,0,5.9721652,10.4153,30,0,13.33333333,8,11,35,32,3,8,0,,98,43.94618834,1,0,3,229,17,52,0,29,2583,1,0,1,2,0,100.0,0,2,0,0,405,8,0,7.123333333,0,7,0,0,0,0,0,322.875,0.0,4,38,22,17,27,11,26.82926829,48,21,43.75,51,41,65,121,45.14925373,124,1048,629,1677,60,1,2153,39,8
Cole Palmer,Chelsea,M,3,11.11111111,216,31,65.95744681,332,179,511,83.90804598,0,0.0,2,20,1,63,3,4,13,2,9,24,8,76,0,0,1.88739433,8.5893,12,0,20.0,9,10,22,21,1,9,0,,64,46.37681159,0,0,0,98,12,20,9,18,1426,1,0,1,5,0,100.0,0,5,0,0,215,14,0,7.105,0,0,0,0,0,0,0,158.4444444,0.0,3,28,17,13,19,19,38.0,20,11,55.0,19,50,27,64,45.71428571,47,411,198,609,45,2,894,25,4
Pedro Neto,Chelsea,M,30,18.63354037,344,27,71.05263158,517,175,692,87.26355612,7,25.0,21,29,4,74,11,3,18,5,11,21,19,119,0,0,5.6440867,4.3505,10,1,12.5,5,9,23,22,1,4,1,,75,43.35260116,1,0,2,101,6,45,3,25,2219,5,0,1,0,0,0.0,0,0,0,0,362,12,0,6.989285714,1,1,0,0,0,0,0,443.8,100.0,1,27,13,11,11,40,45.45454545,15,9,60.0,44,88,161,82,40.7960199,38,599,194,793,40,2,1285,20,2
Estêvão,Chelsea,M,5,31.25,105,4,50.0,154,55,209,81.00775194,3,21.42857143,11,20,2,34,4,2,11,0,5,16,10,85,0,0,2.1868853,2.8314,11,0,7.692307692,2,4,9,7,2,2,0,,47,38.84297521,0,0,1,49,4,15,1,10,769,4,0,0,0,0,0.0,0,0,0,1,141,5,0,6.810526316,0,1,0,0,0,0,0,384.5,0.0,0,21,5,8,7,29,43.28358209,11,5,45.45454545,15,67,16,50,37.03703704,8,194,64,258,26,0,465,7,3
Andrey Santos,Chelsea,M,0,0.0,105,11,47.82608696,278,302,580,89.36825886,14,46.66666667,16,23,0,38,1,3,1,1,17,2,10,40,0,1,0.81119123,1.7006,11,0,0.0,0,0,14,13,1,0,0,,49,67.12328767,0,0,1,69,18,7,0,10,1028,1,0,0,0,0,0.0,0,0,0,0,89,7,0,6.795652174,0,0,0,0,0,0,0,0.0,0.0,0,6,2,6,1,2,40.0,28,13,46.42857143,7,5,1,63,61.16504854,23,316,333,649,8,0,805,19,4
Roméo Lavia,Chelsea,M,0,0.0,40,8,80.0,92,71,163,93.14285714,2,66.66666667,1,8,0,12,0,0,0,0,3,4,0,11,0,1,0.10139017,0.137,6,0,0.0,0,0,4,4,0,0,0,,11,52.38095238,0,0,0,12,5,0,0,2,221,0,0,0,0,0,0.0,0,0,0,0,24,0,0,6.675,0,0,0,0,0,0,0,0.0,0.0,0,1,0,1,0,3,75.0,4,3,75.0,0,4,1,13,54.16666667,10,99,76,175,1,0,215,4,0
Jamie Gittens,Chelsea,M,3,23.07692308,49,3,75.0,87,31,118,79.19463087,3,30.0,7,16,2,15,2,1,6,1,3,4,3,27,0,0,0.9303351,0.8183,6,0,0.0,0,2,7,5,2,0,0,,29,59.18367347,0,0,0,31,2,9,0,5,495,2,0,0,0,0,0.0,0,0,0,0,68,2,0,6.646666667,0,0,0,0,0,0,0,0.0,0.0,0,5,5,2,2,13,61.9047619,8,3,37.5,9,21,13,32,54.23728814,4,112,37,149,10,0,255,8,0
Vitaly Janelt,Brentford,M,16,30.18867925,145,40,49.38271605,304,317,621,86.4902507,23,65.71428571,12,22,4,74,6,1,3,4,30,5,16,56,1,0,1.87983045,0.9081,17,0,8.333333333,1,5,16,15,1,1,0,,38,46.34146341,1,0,1,97,29,19,0,13,1267,0,0,0,0,0,0.0,0,0,0,0,160,5,0,6.986363636,0,0,0,0,0,0,0,1267.0,0.0,0,6,6,6,3,4,40.0,24,15,62.5,19,10,53,61,52.13675214,81,374,344,718,12,2,964,12,7
Mikkel Damsgaard,Brentford,M,25,29.41176471,213,24,36.36363636,349,166,515,75.29239766,13,36.11111111,23,26,4,101,10,2,4,2,12,27,36,126,0,1,4.14142951,1.8527,16,0,15.0,3,7,26,25,1,3,0,,74,41.8079096,1,0,1,169,19,32,0,18,1588,3,0,0,0,0,0.0,0,0,0,0,333,19,0,6.976923077,0,2,0,0,0,0,0,529.3333333,0.0,1,12,8,7,9,13,33.33333333,44,26,59.09090909,32,39,85,87,40.84507042,66,487,197,684,20,1,1062,18,0
Mathias Jensen,Brentford,M,25,26.88172043,211,59,55.66037736,380,243,623,80.90909091,6,24.0,19,29,1,80,8,2,8,2,27,19,25,87,0,0,3.99358633,2.0787,15,0,8.695652174,2,3,23,21,2,1,1,,54,44.26229508,0,0,1,147,13,22,0,19,1681,2,0,2,0,0,0.0,0,0,0,0,292,7,0,6.893103448,0,2,0,0,0,0,0,840.5,0.0,2,8,15,9,6,15,62.5,31,20,64.51612903,20,24,93,60,40.81632653,106,496,274,770,23,0,1130,8,3
Kevin Schade,Brentford,M,5,29.41176471,125,6,40.0,209,91,300,67.87330317,71,51.07913669,68,28,3,78,7,11,8,4,26,40,9,195,0,0,1.87961208,9.9541,39,0,15.55555556,7,10,26,23,3,7,0,,87,40.65420561,2,0,3,142,18,25,1,26,2217,9,0,1,1,0,0.0,0,0,0,1,319,9,0,6.821428571,1,4,0,0,0,0,0,316.7142857,0.0,0,44,1,16,21,18,30.0,33,18,54.54545455,24,60,17,158,44.7592068,15,321,121,442,45,1,902,36,6
Jordan Henderson,Brentford,M,16,35.55555556,189,69,37.5,387,456,843,77.69585253,11,37.93103448,18,29,3,94,8,0,2,3,34,6,8,50,0,0,2.39206751,0.3319,13,0,16.66666667,1,4,26,23,3,1,0,,34,51.51515152,0,0,0,242,17,18,0,21,1831,1,0,0,0,0,0.0,0,0,0,0,301,6,0,6.820689655,0,1,0,0,0,0,0,1831.0,0.0,0,2,4,3,1,3,37.5,26,12,46.15384615,18,8,45,45,47.36842105,184,581,504,1085,6,0,1303,7,4
Antoni Milambo,Brentford,M,0,0.0,3,0,0.0,5,3,8,72.72727273,2,66.66666667,1,1,0,2,0,0,0,0,0,0,0,1,0,0,0.0116086,,0,0,0.0,0,0,3,3,0,0,0,,3,100.0,0,0,0,3,0,0,0,1,45,0,0,0,0,0,0.0,0,0,0,0,4,0,0,6.7,0,0,0,0,0,0,0,0.0,0.0,0,0,0,0,0,0,0.0,3,1,33.33333333,0,0,0,5,83.33333333,0,7,4,11,0,0,19,0,0
Yehor Yarmolyuk,Brentford,M,7,29.16666667,164,51,48.57142857,385,483,868,83.94584139,20,51.28205128,19,31,2,149,1,0,4,4,27,17,37,131,0,1,1.23755103,1.176,35,0,6.666666667,1,3,34,33,1,1,0,,74,39.78494624,0,0,1,166,25,14,0,24,2147,1,0,1,0,0,0.0,0,0,0,0,258,9,0,6.677419355,0,1,0,0,0,0,0,2147.0,0.0,0,7,8,7,4,11,32.35294118,54,34,62.96296296,13,34,24,94,41.77777778,105,508,526,1034,15,0,1376,9,7
Frank Onyeka,Brentford,M,0,0.0,10,1,50.0,19,9,28,77.77777778,1,50.0,1,6,1,5,1,0,0,0,3,0,2,8,0,0,0.36951338,,3,0,0.0,0,1,2,2,0,0,0,,7,50.0,0,0,0,8,0,1,0,0,88,0,0,0,0,0,0.0,0,0,0,0,13,0,0,6.64,0,0,0,0,0,0,0,0.0,0.0,0,0,0,0,0,2,50.0,2,0,0.0,1,4,0,8,50.0,2,25,11,36,0,0,55,3,0
Reiss Nelson,Brentford,M,0,0.0,12,0,0.0,20,8,28,93.33333333,0,0.0,0,7,0,13,0,2,0,0,2,2,2,7,0,0,0.07876669,0.6785,0,0,0.0,0,0,1,1,0,0,0,,6,46.15384615,0,0,1,2,0,0,0,0,78,0,0,0,0,0,0.0,0,0,0,0,10,2,0,6.571428571,0,0,0,0,0,0,0,0.0,0.0,0,2,2,3,1,2,40.0,2,1,50.0,0,5,1,6,46.15384615,0,22,8,30,4,0,54,2,0
James Garner,Everton,M,40,23.95209581,398,50,49.01960784,729,530,1259,87.79637378,23,65.71428571,12,31,6,152,11,0,11,11,75,12,31,97,0,1,4.77386,1.9142,28,0,4.87804878,2,8,35,32,3,1,1,,139,62.05357143,0,0,1,175,50,44,0,31,2784,0,0,0,0,0,0.0,0,0,0,0,387,10,0,7.274193548,0,2,0,0,0,0,0,1392.0,0.0,10,14,27,18,12,16,51.61290323,93,53,56.98924731,44,31,167,162,62.54826255,102,842,592,1434,41,2,2145,30,7
Jack Grealish,Everton,M,10,25.64102564,238,18,56.25,347,135,482,84.11867365,4,17.39130435,19,20,6,87,5,4,12,5,11,30,10,104,0,2,3.56887946,2.1457,13,0,7.692307692,2,8,23,21,2,1,1,,102,54.54545455,0,0,1,91,12,40,1,18,1631,0,0,2,0,0,0.0,0,0,0,0,227,16,0,7.23,1,1,0,0,0,0,0,815.5,0.0,0,19,7,6,8,23,40.35087719,21,15,71.42857143,38,57,39,106,50.47619048,32,416,157,573,26,3,932,58,3
Kiernan Dewsbury-Hall,Everton,M,14,15.05376344,288,21,42.85714286,471,198,669,83.31257783,16,45.71428571,19,24,3,96,8,1,9,5,24,36,9,100,0,1,4.064386,3.316,25,0,20.0,6,9,25,23,2,6,0,,99,55.0,0,0,1,134,9,27,4,23,2013,1,0,0,0,1,0.0,0,0,0,0,303,16,0,7.195833333,0,2,0,0,0,0,0,335.5,0.0,0,22,8,10,11,21,58.33333333,40,19,47.5,27,36,93,115,53.48837209,49,574,229,803,30,3,1240,39,6
Iliman Ndiaye,Everton,M,7,16.27906977,252,6,31.57894737,414,226,640,83.66013072,10,27.77777778,26,25,3,149,6,1,8,5,15,53,22,176,0,1,4.17730815,5.08,26,0,19.35483871,6,9,29,27,2,6,0,,144,48.97959184,0,0,2,125,12,23,2,25,2156,9,0,0,2,0,100.0,0,2,0,0,335,21,0,6.96,0,4,0,0,0,0,0,359.3333333,0.0,0,20,11,7,16,55,52.88461538,57,36,63.15789474,23,104,43,154,46.66666667,19,517,248,765,31,0,1274,32,2
Idrissa Gueye,Everton,M,4,22.22222222,237,18,45.0,487,344,831,87.19832109,13,61.9047619,8,22,2,103,1,0,10,4,18,8,16,62,0,2,1.02784436,1.4961,18,0,7.692307692,2,4,22,20,2,2,0,,75,58.13953488,0,0,2,122,27,12,0,22,1851,0,0,0,0,0,0.0,0,0,0,0,181,4,0,6.822727273,1,2,0,0,0,0,0,925.5,0.0,0,8,18,10,6,6,31.57894737,42,19,45.23809524,12,19,18,88,58.66666667,40,569,384,953,26,0,1222,27,1
Tim Iroegbunam,Everton,M,0,0.0,76,8,53.33333333,173,124,297,81.36986301,13,48.14814815,14,23,2,63,3,0,3,3,5,19,6,78,1,1,0.60829198,0.4691,22,0,0.0,0,2,10,9,1,0,0,,78,54.92957746,0,0,0,68,19,6,0,13,1128,0,0,0,0,0,0.0,0,0,0,1,127,4,0,6.780952381,0,0,0,0,0,0,0,0.0,0.0,0,4,5,5,1,8,30.76923077,51,36,70.58823529,6,26,2,91,53.84615385,15,225,140,365,9,0,588,19,8
Dwight McNeil,Everton,M,9,28.125,75,5,35.71428571,122,94,216,81.81818182,6,37.5,10,18,1,50,1,1,7,3,11,15,9,50,0,1,0.85182373,1.0821,10,0,0.0,0,1,5,3,2,0,0,,31,43.66197183,0,0,1,48,6,12,0,11,960,1,0,0,0,0,0.0,0,0,0,0,118,10,0,6.655555556,0,0,0,0,0,0,0,0.0,0.0,0,9,8,5,5,7,53.84615385,18,13,72.22222222,12,13,32,37,42.52873563,14,154,110,264,17,0,451,6,1
Harrison Armstrong,Everton,M,0,0.0,55,5,62.5,99,46,145,78.80434783,6,46.15384615,7,11,0,25,0,1,1,1,8,8,3,29,0,0,0.20377204,0.7874,6,0,0.0,0,0,10,9,1,0,0,,28,56.0,0,0,0,39,4,4,0,6,508,2,0,0,0,0,0.0,0,0,0,0,67,5,0,6.64,0,0,0,0,0,0,0,0.0,0.0,0,5,0,2,2,1,14.28571429,13,10,76.92307692,4,7,1,34,53.96825397,8,133,51,184,5,0,267,14,0
Tyler Dibling,Everton,M,1,14.28571429,29,3,75.0,50,38,88,86.2745098,2,28.57142857,5,14,0,22,0,0,3,1,4,10,6,46,0,0,0.15515412,0.1993,11,0,0.0,0,0,2,2,0,0,0,,31,43.05555556,0,0,0,14,6,4,0,4,371,0,0,0,0,0,0.0,0,0,0,0,59,2,0,6.561538462,0,0,0,0,0,0,0,0.0,0.0,0,3,1,1,0,13,48.14814815,7,3,42.85714286,4,27,7,33,41.7721519,4,61,41,102,4,0,207,11,2
Merlin Röhl,Everton,M,2,50.0,25,1,25.0,43,39,82,73.87387387,12,48.0,13,12,0,20,0,1,2,2,6,11,4,44,0,0,0.17880975,0.6411,9,0,0.0,0,0,6,6,0,0,0,,24,43.63636364,0,0,1,29,2,5,0,2,375,1,0,0,0,0,0.0,0,0,0,0,63,1,0,6.509090909,0,0,0,0,0,0,0,0.0,0.0,0,5,2,5,0,3,30.0,18,9,50.0,5,10,4,36,45.0,4,62,49,111,7,0,210,3,0
Carlos Alcaraz,Everton,M,2,40.0,72,11,64.70588235,135,95,230,80.98591549,13,44.82758621,16,16,1,41,2,1,7,0,5,8,12,51,0,2,0.44115557,1.1118,8,0,0.0,0,1,8,8,0,0,0,,29,45.3125,0,0,1,54,3,9,0,6,696,1,0,0,0,0,0.0,0,0,0,0,102,2,0,6.48,0,0,0,0,0,0,0,0.0,0.0,0,12,6,6,5,6,46.15384615,13,8,61.53846154,9,13,5,42,45.16129032,17,176,108,284,18,0,416,11,3
Harry Wilson,Fulham,M,25,26.04166667,225,31,56.36363636,365,172,537,80.50974513,3,15.0,17,29,6,71,7,0,23,2,40,19,17,75,0,0,4.17840427,5.0745,11,1,15.15151515,10,16,32,29,3,7,3,,68,53.96825397,0,0,1,130,13,31,9,27,2276,10,0,0,0,0,0.0,0,0,0,0,267,9,0,7.210344828,0,1,0,0,0,0,0,227.6,20.0,5,39,27,19,24,13,54.16666667,24,16,66.66666667,31,24,96,71,48.63013699,55,463,204,667,66,6,1071,31,6
Alex Iwobi,Fulham,M,25,31.64556962,314,66,62.26415094,565,493,1058,85.32258065,7,50.0,7,25,3,108,4,0,11,1,17,19,9,65,0,1,4.0198539,1.3565,7,0,14.28571429,4,7,37,33,4,2,2,,44,43.1372549,0,0,0,182,11,39,1,25,2144,1,0,0,0,0,0.0,0,0,0,0,323,8,0,7.072,0,3,0,0,0,0,0,536.0,0.0,0,13,15,6,11,14,37.83783784,22,15,68.18181818,39,37,79,51,43.96551724,106,693,547,1240,28,3,1565,9,3
Harrison Reed,Fulham,M,2,66.66666667,5,2,66.66666667,11,6,17,89.47368421,0,0.0,1,6,0,2,0,0,1,0,0,0,1,2,0,0,0.37053992,0.1259,0,0,50.0,1,1,1,1,0,0,1,,1,50.0,0,0,0,2,0,1,0,0,62,0,0,0,0,0,0.0,0,0,0,0,5,1,0,6.866666667,0,1,0,0,0,0,0,62.0,0.0,0,0,2,0,1,0,0.0,0,0,0.0,1,0,3,1,33.33333333,3,13,6,19,2,0,28,1,0
Sander Berge,Fulham,M,3,25.0,259,50,62.5,648,740,1388,89.66408269,47,61.84210526,29,31,1,119,3,2,5,3,47,16,10,97,1,1,1.17470282,1.2863,31,0,0.0,0,1,42,38,4,0,0,,70,50.72463768,0,0,0,160,20,16,0,30,2596,0,1,0,0,1,0.0,0,0,0,0,226,6,0,6.848387097,0,0,0,0,0,0,0,0.0,0.0,0,6,4,2,3,8,42.10526316,51,36,70.58823529,16,19,12,117,54.6728972,80,749,799,1548,10,1,1855,11,5
Kevin,Fulham,M,12,29.26829268,115,17,77.27272727,171,60,231,77.77777778,7,33.33333333,14,23,1,40,1,1,5,0,7,20,18,103,0,0,1.40882206,1.114,12,0,4.545454545,1,2,15,14,1,0,1,,70,44.02515723,0,0,0,66,9,13,0,8,904,2,0,0,0,0,0.0,0,0,0,1,188,6,0,6.77826087,0,1,0,0,0,0,0,904.0,0.0,0,9,13,8,9,36,48.0,19,9,47.36842105,13,75,41,77,42.77777778,22,223,74,297,22,0,588,15,1
Oscar Bobb,Fulham,M,3,37.5,122,2,50.0,203,67,270,86.81672026,5,50.0,5,16,1,33,1,1,3,1,1,19,7,52,0,1,1.53361508,1.0585,8,0,0.0,0,1,10,9,1,0,0,,47,50.0,0,0,0,41,7,16,0,8,777,0,0,0,0,0,0.0,0,0,0,0,98,5,0,6.76875,0,0,0,0,0,0,0,0.0,0.0,0,7,0,3,1,22,61.11111111,14,7,50.0,16,36,8,52,50.0,4,235,76,311,7,0,479,11,1
Tom Cairney,Fulham,M,2,33.33333333,107,18,75.0,222,226,448,92.75362319,8,72.72727273,3,20,0,33,0,0,5,0,5,2,7,24,0,0,0.36510169,0.9395,8,0,8.333333333,1,1,9,8,1,0,1,,15,41.66666667,0,0,0,35,2,5,1,4,592,0,0,0,0,0,0.0,0,0,0,0,55,2,0,6.73,0,0,0,0,0,0,0,592.0,0.0,0,6,6,6,1,2,33.33333333,4,3,75.0,5,6,6,23,48.93617021,24,248,235,483,12,0,552,9,3
Emile Smith Rowe,Fulham,M,1,10.0,239,7,63.63636364,409,255,664,91.08367627,5,33.33333333,10,30,0,57,1,4,7,0,11,24,3,55,0,1,0.99267375,4.2618,4,0,10.71428571,3,3,23,21,2,3,0,,42,48.27586207,1,0,1,65,20,17,0,16,1481,2,0,0,0,0,0.0,0,0,0,0,147,7,0,6.686666667,0,2,0,0,0,0,0,493.6666667,0.0,0,22,6,12,9,11,44.0,22,14,63.63636364,17,25,10,47,46.07843137,11,453,276,729,28,0,958,9,1
Saa Luki?,Fulham,M,16,34.04255319,109,8,61.53846154,219,196,415,85.04098361,19,39.58333333,29,20,2,50,1,2,4,2,25,7,5,81,0,2,1.35667654,1.8434,38,0,7.692307692,1,3,17,15,2,1,0,,59,53.15315315,1,0,0,73,11,22,0,15,1239,0,0,0,0,0,0.0,0,0,0,0,129,3,0,6.625,0,0,0,0,0,0,0,1239.0,0.0,0,9,4,6,3,2,40.0,37,20,54.05405405,22,5,47,78,49.05660377,13,266,222,488,13,0,719,20,6
Joshua King,Fulham,M,0,0.0,87,2,40.0,147,83,230,79.58477509,3,15.78947368,16,25,2,51,0,3,5,0,12,17,6,64,1,0,0.5129454,2.3101,11,0,4.166666667,1,3,16,15,1,1,0,,62,56.36363636,0,0,0,59,2,12,0,14,1147,2,0,0,0,0,0.0,0,0,0,0,144,4,0,6.588,0,1,0,0,0,0,0,1147.0,0.0,0,17,7,9,10,15,46.875,24,12,50.0,12,32,11,65,50.3875969,5,191,98,289,24,0,507,23,3
Pascal Groß,Brighton &amp; Hove Albion,M,24,33.33333333,142,24,52.17391304,252,264,516,83.76623377,8,40.0,12,12,1,47,2,1,4,2,19,3,8,40,0,1,2.26388549,0.7924,10,0,9.090909091,1,2,8,7,1,1,0,,36,56.25,0,0,0,100,8,21,0,11,1006,4,0,0,0,0,0.0,0,0,0,0,173,10,0,7.108333333,0,1,0,0,0,0,0,1006.0,0.0,0,5,6,3,4,6,42.85714286,19,11,57.89473684,21,14,72,44,52.38095238,46,329,287,616,11,0,822,11,2
Yankuba Minteh,Brighton &amp; Hove Albion,M,25,24.50980392,149,10,41.66666667,236,79,315,66.73728814,14,35.8974359,25,27,4,79,8,3,12,1,13,27,17,138,0,1,3.95487343,3.1502,22,0,5.714285714,2,6,27,22,5,2,0,,114,50.22026432,0,0,0,157,13,37,1,20,1837,10,0,2,0,0,0.0,0,0,0,1,389,14,0,6.848148148,0,1,0,0,0,0,0,918.5,0.0,0,29,6,13,10,56,54.36893204,39,27,69.23076923,35,103,102,128,48.12030075,24,368,104,472,35,0,989,19,2
Yasin Ayari,Brighton &amp; Hove Albion,M,5,21.73913043,129,38,60.31746032,325,428,753,86.55172414,8,34.7826087,15,24,2,112,2,0,10,5,21,17,23,102,0,4,1.10845911,2.6179,20,0,7.5,3,5,21,15,6,2,1,,81,48.21428571,0,0,1,117,23,14,0,18,1739,0,0,1,0,0,0.0,0,0,0,0,215,13,0,6.808333333,0,3,0,0,0,0,0,579.6666667,0.0,2,15,25,20,10,14,33.33333333,43,22,51.1627907,13,42,23,89,46.59685864,63,402,468,870,40,1,1194,24,1
Matt O'Riley,Brighton &amp; Hove Albion,M,4,57.14285714,17,1,33.33333333,27,25,52,86.66666667,1,16.66666667,5,4,0,2,0,1,0,0,2,1,3,12,0,0,0.17109877,1.2045,2,0,25.0,1,1,2,1,1,1,0,,5,41.66666667,0,0,0,8,0,4,1,2,187,1,0,0,1,0,100.0,0,1,0,0,21,1,0,6.8,0,0,0,0,0,0,0,187.0,0.0,0,3,1,2,2,0,0.0,4,2,50.0,4,1,7,6,33.33333333,3,32,28,60,4,0,96,1,0
Kaoru Mitoma,Brighton &amp; Hove Albion,M,8,22.22222222,178,10,66.66666667,272,101,373,80.91106291,13,43.33333333,17,20,1,47,3,7,4,1,13,22,12,103,0,2,2.4957071,3.2703,24,0,8.695652174,2,3,16,12,4,1,1,,51,37.22627737,1,0,2,88,9,27,0,16,1426,4,0,1,0,0,0.0,0,0,0,0,205,6,0,6.775,0,1,0,0,0,0,0,713.0,0.0,0,18,5,8,11,23,43.39622642,12,7,58.33333333,26,53,36,64,38.32335329,15,336,125,461,23,0,741,16,3
Diego Gómez,Brighton &amp; Hove Albion,M,5,26.31578947,150,17,48.57142857,307,230,537,78.50877193,49,56.97674419,37,28,1,95,4,6,9,0,27,26,28,153,0,2,1.57617349,5.3338,44,0,14.28571429,5,6,25,23,2,5,0,,100,46.2962963,0,0,1,147,15,21,1,23,1944,1,0,0,0,1,0.0,0,0,0,0,267,17,0,6.771428571,0,4,0,0,0,0,0,388.8,0.0,2,21,14,12,14,18,47.36842105,74,48,64.86486486,21,38,19,149,49.33774834,35,418,266,684,35,1,1092,9,9
James Milner,Brighton &amp; Hove Albion,M,6,42.85714286,95,18,40.0,204,178,382,86.42533937,6,37.5,10,19,1,38,1,0,2,2,18,3,7,32,1,0,0.62365316,1.0195,11,0,12.5,1,2,14,11,3,1,0,,18,45.0,0,0,0,60,6,8,0,6,743,1,0,0,1,0,100.0,0,1,0,0,80,2,0,6.711111111,0,1,0,0,0,0,0,743.0,0.0,0,5,3,4,2,1,50.0,14,9,64.28571429,8,2,14,24,42.85714286,45,253,189,442,8,0,543,3,2
Solly March,Brighton &amp; Hove Albion,M,0,0.0,0,0,0.0,0,0,0,0.0,0,0.0,0,1,0,0,0,0,0,0,0,0,0,0,0,0,,,0,0,0.0,0,0,0,0,0,0,0,,1,100.0,0,0,0,0,0,0,0,0,11,0,0,0,0,0,0.0,0,0,0,0,0,0,0,6.7,0,0,0,0,0,0,0,0.0,0.0,0,0,0,0,0,0,0.0,0,0,0.0,0,0,0,1,100.0,0,0,0,0,0,0,2,1,0
Georginio Rutter,Brighton &amp; Hove Albion,M,2,13.33333333,132,15,60.0,189,80,269,69.32989691,17,39.53488372,26,25,2,53,6,2,11,2,25,53,13,148,0,0,2.22185193,2.3688,27,0,5.714285714,2,4,17,12,5,2,0,,84,40.77669903,0,0,0,119,9,21,1,19,1626,10,1,0,0,0,0.0,0,0,0,1,315,17,0,6.636,0,1,0,0,0,0,0,813.0,0.0,0,22,13,12,12,25,45.45454545,27,16,59.25925926,21,55,15,101,40.562249,25,281,107,388,35,0,820,32,2
Brajan Gruda,Brighton &amp; Hove Albion,M,3,21.42857143,90,7,53.84615385,154,40,194,78.22580645,8,72.72727273,3,18,1,40,1,2,4,0,2,17,5,69,1,0,0.88002119,1.7211,11,0,6.25,1,2,11,10,1,1,0,,48,42.10526316,0,0,0,54,2,16,0,8,740,2,0,0,0,0,0.0,0,0,0,0,148,3,0,6.633333333,0,1,0,0,0,0,0,740.0,0.0,1,8,8,6,6,20,37.73584906,14,5,35.71428571,16,53,14,56,44.8,13,198,50,248,16,0,442,14,2
Jack Hinshelwood,Brighton &amp; Hove Albion,M,0,0.0,99,9,37.5,200,198,398,82.40165631,9,36.0,16,20,3,47,2,3,7,1,20,7,9,62,0,2,1.56727369,2.1903,27,0,4.347826087,1,4,17,14,3,0,1,,24,34.28571429,0,0,0,85,4,11,0,13,1179,2,1,0,0,0,0.0,0,0,0,0,126,5,0,6.563157895,0,1,0,0,0,0,0,1179.0,0.0,0,17,6,9,7,2,28.57142857,14,11,78.57142857,11,7,4,33,34.73684211,24,261,222,483,23,0,635,8,0
Carlos Baleba,Brighton &amp; Hove Albion,M,0,0.0,77,23,54.76190476,193,280,473,85.6884058,17,51.51515152,16,25,0,74,0,1,6,1,23,13,13,76,0,4,0.30724084,0.5347,26,0,0.0,0,0,17,15,2,0,0,,53,46.90265487,0,0,0,79,24,4,0,19,1303,0,0,0,0,1,0.0,0,0,0,0,127,8,0,6.541666667,0,0,0,0,0,0,0,0.0,0.0,0,2,13,8,1,9,52.94117647,28,14,50.0,4,17,0,70,47.94520548,42,253,299,552,15,0,773,16,5
Tom Watson,Brighton &amp; Hove Albion,M,0,0.0,6,2,66.66666667,11,3,14,73.68421053,0,0.0,1,6,0,4,0,0,0,0,0,0,0,5,0,0,0.03771793,0.0366,3,0,0.0,0,0,2,2,0,0,0,,1,20.0,0,0,0,5,0,0,0,0,73,0,0,0,0,0,0.0,0,0,0,0,11,0,0,6.5,0,0,0,0,0,0,0,0.0,0.0,0,0,1,0,1,0,0.0,1,1,100.0,0,1,0,1,16.66666667,3,14,5,19,1,0,31,0,1
Harry Howell,Brighton &amp; Hove Albion,M,0,0.0,7,2,50.0,18,11,29,85.29411765,2,33.33333333,4,3,0,3,0,0,0,0,3,2,2,9,0,0,0.03117956,,0,0,0.0,0,0,2,2,0,0,0,,3,37.5,0,0,0,5,0,0,0,1,93,1,0,0,0,0,0.0,0,0,0,0,14,0,0,6.433333333,0,0,0,0,0,0,0,0.0,0.0,0,0,0,0,0,2,66.66666667,1,0,0.0,0,3,4,5,35.71428571,4,21,13,34,0,0,56,0,0
Granit Xhaka,Sunderland,M,18,24.32432432,308,109,54.22885572,611,491,1102,82.48502994,52,67.53246753,25,27,5,128,7,0,5,7,76,13,15,81,0,3,2.35954313,0.7067,18,0,7.142857143,1,6,27,23,4,0,1,,74,56.92307692,0,0,1,234,23,28,1,25,2273,0,0,0,0,0,0.0,0,0,0,0,338,6,0,7.240740741,0,0,0,0,0,0,0,2273.0,0.0,2,4,10,4,5,7,36.84210526,38,24,63.15789474,28,19,74,126,60.86956522,201,796,540,1336,14,2,1723,31,5
Enzo Le Fée,Sunderland,M,20,27.02702703,219,25,54.34782609,403,297,700,81.58508159,16,25.80645161,46,29,4,118,5,1,8,6,31,23,30,151,1,3,3.3913288,4.5432,26,0,16.66666667,4,8,31,26,5,4,0,,105,50.0,0,0,1,158,23,36,0,26,2315,3,0,0,4,0,75.0,0,3,0,0,332,14,0,6.8,0,4,0,0,0,0,0,578.75,0.0,3,12,12,10,6,10,27.77777778,69,44,63.76811594,36,36,74,121,44.48529412,46,523,335,858,24,0,1353,26,5
Noah Sadiki,Sunderland,M,4,23.52941176,166,32,48.48484848,375,366,741,85.27042578,9,33.33333333,18,26,0,84,0,0,5,6,37,19,12,85,0,1,0.99449572,0.6462,24,0,0.0,0,0,30,24,6,0,0,,87,56.49350649,0,0,0,128,29,10,0,26,2295,1,0,0,0,0,0.0,0,0,0,0,217,8,0,6.784615385,0,0,0,0,0,0,0,0.0,0.0,0,6,6,3,4,20,57.14285714,38,20,52.63157895,10,35,17,96,53.03867403,66,467,402,869,12,0,1219,30,7
Habib Diarra,Sunderland,M,1,5.555555556,83,3,23.07692308,155,110,265,81.03975535,8,50.0,8,14,0,32,0,1,2,3,13,11,3,49,0,1,0.50289065,2.2814,14,0,11.11111111,2,2,11,10,1,2,0,,36,46.75324675,0,0,0,62,3,2,0,12,1102,1,0,0,1,0,100.0,0,1,0,1,116,4,0,6.714285714,0,2,0,0,0,0,0,551.0,0.0,0,12,6,9,7,4,23.52941176,13,6,46.15384615,2,17,18,44,47.31182796,13,201,126,327,18,0,483,19,4
Jocelin Ta Bi,Sunderland,M,1,20.0,1,0,0.0,2,0,2,100.0,0,0.0,2,1,0,2,0,0,0,0,0,1,0,4,0,0,0.0411772,,0,0,0.0,0,0,0,0,0,0,0,,4,66.66666667,0,0,0,0,0,0,0,1,39,0,0,0,0,0,0.0,0,0,0,0,9,0,0,6.7,0,0,0,0,0,0,0,0.0,0.0,0,0,0,0,0,2,66.66666667,1,0,0.0,0,3,5,4,50.0,0,2,0,2,0,0,18,1,0
Chemsdine Talbi,Sunderland,M,6,15.38461538,87,12,60.0,162,110,272,81.68168168,1,8.333333333,11,23,1,51,0,2,4,2,15,9,12,52,2,0,0.97699652,1.9934,4,0,18.18181818,4,5,12,8,4,2,2,,24,36.92307692,0,0,0,61,2,12,0,14,1327,1,0,0,0,0,0.0,0,0,0,0,156,4,0,6.643478261,0,4,0,0,0,0,0,331.75,0.0,0,15,7,9,9,15,48.38709677,8,4,50.0,12,31,39,25,32.46753247,20,207,126,333,22,0,530,1,0
Chris Rigg,Sunderland,M,4,50.0,33,8,53.33333333,69,39,108,71.05263158,4,36.36363636,7,13,0,24,1,0,2,0,7,5,3,25,0,1,0.9160666,0.5865,6,0,0.0,0,0,4,4,0,0,0,,23,56.09756098,0,0,0,44,3,7,0,8,569,1,0,0,0,0,0.0,0,0,0,0,69,2,0,6.618181818,0,0,0,0,0,0,0,0.0,0.0,0,6,2,5,1,4,50.0,11,8,72.72727273,7,8,8,27,51.92307692,15,95,57,152,8,0,237,8,0
Dan Neil,Sunderland,M,0,0.0,1,1,100.0,4,4,8,88.88888889,0,0.0,2,3,0,0,0,0,0,0,1,0,0,2,0,0,0.00088483,,0,0,0.0,0,0,0,0,0,0,0,,1,100.0,0,0,0,1,1,0,0,0,13,0,0,0,0,0,0.0,0,0,0,0,1,0,0,6.6,0,0,0,0,0,0,0,0.0,0.0,0,0,0,0,0,0,0.0,0,0,0.0,0,0,0,1,33.33333333,1,5,4,9,0,0,14,1,0
Simon Adingra,Sunderland,M,5,18.51851852,43,2,33.33333333,77,45,122,75.77639752,9,39.13043478,14,14,0,20,2,1,2,0,11,12,9,68,0,0,0.61296761,0.3499,17,0,16.66666667,1,1,8,7,1,1,0,,21,28.0,0,0,0,39,2,7,0,9,665,4,0,0,0,0,0.0,0,0,0,0,109,4,0,6.507692308,0,1,0,0,0,0,0,665.0,0.0,0,5,1,2,2,7,26.92307692,11,8,72.72727273,7,26,27,30,30.6122449,6,106,55,161,6,0,309,3,2
Nilson Angulo,Sunderland,M,1,16.66666667,13,0,0.0,21,7,28,68.29268293,2,28.57142857,5,5,0,6,0,2,0,0,8,4,4,27,0,0,0.07700177,0.4981,7,0,0.0,0,0,4,4,0,0,0,,14,38.88888889,0,0,0,13,2,2,0,3,264,1,0,0,0,0,0.0,0,0,0,0,43,1,0,6.48,0,0,0,0,0,0,0,0.0,0.0,0,2,1,1,2,5,41.66666667,7,5,71.42857143,2,12,6,16,37.20930233,1,34,7,41,3,0,109,2,0
Patrick Roberts,Sunderland,M,0,0.0,8,1,100.0,14,2,16,80.0,0,0.0,1,1,0,1,0,0,1,0,0,0,0,1,0,0,0.0176598,0.0339,0,0,0.0,0,0,1,1,0,0,0,,1,100.0,0,0,0,4,0,0,0,0,27,0,0,0,0,0,0.0,0,0,0,0,4,0,0,6.4,0,0,0,0,0,0,0,0.0,0.0,0,1,0,0,0,1,100.0,0,0,0.0,0,1,0,1,50.0,1,18,2,20,1,0,23,0,0
Bruno Guimarães,Newcastle United,M,17,27.41935484,372,66,60.55045872,634,384,1018,86.49107901,11,34.375,21,23,4,108,5,3,5,6,29,33,22,128,0,0,3.6492324,4.8223,33,0,28.125,9,13,31,26,5,6,3,,115,51.8018018,2,0,2,159,12,39,1,22,2018,1,0,1,2,0,100.0,0,2,0,2,319,16,0,7.486956522,0,6,0,0,0,0,0,224.2222222,0.0,1,15,17,10,17,13,37.14285714,50,36,72.0,38,35,62,126,49.60629921,109,764,413,1177,32,5,1633,52,5
Sandro Tonali,Newcastle United,M,17,21.25,289,60,50.0,598,462,1060,84.93589744,11,50.0,11,29,2,123,5,1,13,5,26,17,21,77,0,1,2.36941073,1.5556,18,0,0.0,0,2,31,26,5,0,0,,79,54.48275862,0,0,2,188,26,26,0,25,2045,1,0,0,0,0,0.0,0,0,0,0,318,9,0,6.940740741,0,0,0,0,0,0,0,0.0,0.0,2,9,19,8,7,17,62.96296296,29,20,68.96551724,26,27,80,90,53.89221557,120,738,510,1248,28,0,1638,35,3
Lewis Miley,Newcastle United,M,4,12.12121212,148,15,68.18181818,320,284,604,90.55472264,31,68.88888889,14,19,3,57,2,2,4,2,23,7,9,35,0,2,2.0031877,1.3393,4,0,8.333333333,1,4,16,12,4,1,0,,38,64.40677966,0,0,1,63,17,14,1,11,1134,2,0,0,0,0,0.0,0,0,0,0,118,2,0,6.935294118,0,0,0,0,0,0,0,1134.0,0.0,0,8,4,4,4,11,91.66666667,24,15,62.5,14,12,33,69,66.34615385,22,364,303,667,12,2,890,4,0
Joelinton,Newcastle United,M,2,22.22222222,185,19,63.33333333,352,258,610,82.76797829,57,58.7628866,40,24,1,101,3,1,9,3,38,23,18,123,0,2,1.14731372,2.1269,38,0,7.142857143,2,3,24,20,4,2,0,,75,47.46835443,1,0,1,127,25,15,1,20,1689,1,0,0,0,0,0.0,0,0,0,0,193,9,0,6.825,0,0,0,0,0,0,0,844.5,0.0,0,21,7,9,10,11,55.0,37,19,51.35135135,15,20,9,132,51.76470588,30,437,300,737,28,1,1051,27,9
Jacob Ramsey,Newcastle United,M,4,50.0,150,9,60.0,282,185,467,90.32882012,9,52.94117647,8,21,1,64,0,1,4,1,6,7,10,48,0,1,0.88923153,1.0354,15,0,15.38461538,2,3,23,21,2,1,1,,48,54.54545455,0,0,0,50,8,15,1,11,1087,2,0,0,0,1,0.0,0,0,0,0,89,11,0,6.638095238,1,1,0,0,0,0,0,543.5,0.0,0,9,4,5,4,9,42.85714286,26,12,46.15384615,15,21,8,57,54.28571429,15,319,198,517,13,0,666,13,3
Joe Willock,Newcastle United,M,2,18.18181818,88,7,41.17647059,134,70,204,81.6,8,47.05882353,9,20,1,46,2,1,2,0,5,11,13,57,0,0,0.65567221,0.8135,15,0,0.0,0,1,13,13,0,0,0,,32,40.0,0,0,1,46,6,10,0,7,730,1,0,0,0,0,0.0,0,0,0,0,100,7,0,6.531578947,0,0,0,0,0,0,0,0.0,0.0,0,6,4,5,3,6,40.0,18,14,77.77777778,10,15,11,40,41.2371134,17,174,76,250,10,0,400,8,3
Rayan,Bournemouth,M,2,11.11111111,69,8,72.72727273,112,38,150,79.78723404,13,41.93548387,18,8,1,23,2,0,8,1,8,4,4,40,0,0,1.2049854,1.2942,4,0,13.33333333,2,3,5,5,0,2,0,,17,43.58974359,1,0,2,38,2,10,0,7,626,0,0,0,0,1,0.0,0,0,0,0,86,5,0,6.975,0,1,0,0,0,0,0,313.0,0.0,0,5,10,3,4,7,38.88888889,6,4,66.66666667,10,18,18,30,42.85714286,11,147,41,188,15,0,302,4,1
Alex Scott,Bournemouth,M,8,12.30769231,217,41,39.42307692,485,447,932,83.96396396,31,56.36363636,24,31,1,149,3,2,14,5,68,19,19,116,0,1,1.73724175,3.3119,35,0,5.128205128,2,3,36,29,7,1,1,,126,57.79816514,0,0,1,178,32,21,2,28,2320,1,0,1,0,1,0.0,0,0,0,0,312,11,0,6.973333333,0,0,0,0,0,0,0,1160.0,0.0,1,15,24,15,10,26,56.52173913,49,31,63.26530612,20,46,65,157,57.50915751,104,626,484,1110,39,1,1612,52,3
Lewis Cook,Bournemouth,M,10,22.72727273,85,25,46.2962963,244,179,423,86.32653061,9,36.0,16,16,1,62,0,0,1,1,26,3,6,34,0,0,0.53525895,0.077,8,0,0.0,0,1,18,16,2,0,0,,33,64.70588235,0,0,0,67,24,11,0,8,892,0,0,0,0,0,0.0,0,0,0,0,118,5,0,6.88,1,0,0,0,0,0,0,0.0,0.0,0,0,3,2,0,3,75.0,25,16,64.0,11,4,44,42,55.26315789,54,300,190,490,3,0,674,5,1
Tyler Adams,Bournemouth,M,0,0.0,154,24,43.63636364,371,341,712,87.04156479,18,47.36842105,20,18,1,76,0,0,1,4,32,8,16,77,0,1,0.37567296,0.5319,28,0,25.0,2,3,24,20,4,1,1,,54,48.64864865,0,0,0,106,28,3,0,18,1420,1,0,0,0,0,0.0,0,0,0,0,142,5,0,6.852941176,0,2,0,0,0,0,0,710.0,0.0,0,3,5,1,6,5,45.45454545,40,18,45.0,3,11,1,72,48.32214765,55,442,376,818,8,0,1050,12,7
Ryan Christie,Bournemouth,M,3,20.0,111,17,39.53488372,204,113,317,76.57004831,8,44.44444444,10,21,0,45,1,0,9,0,15,12,9,62,0,1,0.57532068,1.5997,14,0,10.0,2,2,12,11,1,2,0,,51,49.51456311,0,0,0,97,8,8,1,5,716,1,0,0,0,0,0.0,0,0,0,0,152,10,0,6.757142857,0,1,0,0,0,0,0,358.0,0.0,0,7,13,5,6,15,46.875,20,11,55.0,8,32,15,59,48.76033058,43,276,138,414,20,0,595,16,2
Marcus Tavernier,Bournemouth,M,13,15.11627907,334,25,39.68253968,524,207,731,83.16268487,20,40.0,30,27,4,115,5,7,16,4,34,33,14,142,0,0,3.21575082,7.1836,25,1,8.620689655,5,9,39,33,6,3,2,,86,43.43434343,0,0,4,148,14,38,5,24,2126,4,0,1,2,0,100.0,0,2,0,0,363,18,0,6.718518519,0,0,0,0,0,0,0,425.2,16.66666667,6,25,33,23,19,25,37.31343284,32,18,56.25,37,67,86,106,42.74193548,63,643,236,879,58,0,1396,29,4
David Brooks,Bournemouth,M,10,18.51851852,152,10,43.47826087,235,75,310,77.69423559,4,30.76923077,9,25,2,48,7,8,15,0,14,7,18,62,0,0,3.04200739,4.9385,11,0,2.325581395,1,3,18,16,2,1,0,,43,44.79166667,0,0,1,89,3,23,1,12,1065,2,0,0,0,0,0.0,0,0,0,0,187,6,0,6.676,0,0,0,0,0,0,0,1065.0,0.0,2,33,10,16,12,16,48.48484848,15,9,60.0,23,33,54,47,43.11926606,23,304,95,399,43,0,645,12,7
Justin Kluivert,Bournemouth,M,8,19.04761905,133,12,75.0,193,78,271,81.62650602,6,21.42857143,22,18,0,44,3,1,5,0,2,15,9,74,0,0,1.52075206,2.2492,15,0,12.5,2,2,18,14,4,1,1,,30,36.58536585,0,0,1,61,4,21,0,10,920,2,0,0,0,0,0.0,0,0,0,0,148,10,0,6.577777778,0,2,0,0,0,0,0,460.0,0.0,3,5,11,7,4,11,44.0,10,6,60.0,21,25,42,36,32.72727273,16,239,93,332,16,0,510,9,4
Hamed Junior Traorè,Bournemouth,M,0,0.0,0,0,0.0,0,2,2,100.0,0,0.0,2,1,1,2,0,0,0,0,1,0,0,3,0,0,1.05e-05,,0,0,0.0,0,1,2,2,0,0,0,,1,50.0,0,0,0,0,0,1,0,0,16,0,0,0,0,0,0.0,0,0,0,0,2,0,0,6.5,0,0,0,0,0,0,0,0.0,0.0,0,0,0,0,0,0,0.0,1,0,0.0,1,1,1,1,25.0,0,0,2,2,0,0,7,0,0
Alex Tóth,Bournemouth,M,0,0.0,6,0,0.0,14,6,20,83.33333333,0,0.0,1,4,0,5,0,0,0,0,1,0,2,7,0,0,0.248925,0.0565,1,0,0.0,0,0,1,1,0,0,0,,3,33.33333333,0,0,0,4,1,3,0,1,97,0,0,0,0,0,0.0,0,0,0,0,13,1,0,6.45,0,0,0,0,0,0,0,0.0,0.0,0,1,0,1,0,0,0.0,1,0,0.0,3,3,3,3,30.0,0,17,7,24,1,0,41,2,1
Ben Gannon-Doak,Bournemouth,M,0,0.0,9,0,0.0,19,1,20,74.07407407,1,50.0,1,5,1,1,1,0,1,0,0,0,1,10,0,0,0.0870215,0.0863,3,0,0.0,0,1,1,1,0,0,0,,3,25.0,0,0,0,7,1,1,0,0,67,0,0,0,0,0,0.0,0,0,0,0,17,0,0,6.44,0,0,0,0,0,0,0,0.0,0.0,0,1,0,0,0,0,0.0,2,0,0.0,1,5,2,4,28.57142857,0,25,2,27,1,0,46,1,0
Ben Winterburn,Bournemouth,M,0,0.0,0,0,0.0,0,0,0,0.0,0,0.0,1,1,0,0,0,0,0,0,0,0,0,1,0,0,,,0,0,0.0,0,0,2,2,0,0,0,,0,0.0,0,0,0,1,0,0,0,0,13,0,0,0,0,0,0.0,0,0,0,0,1,0,0,6.3,0,0,0,0,0,0,0,0.0,0.0,0,0,0,0,0,0,0.0,0,0,0.0,0,0,0,0,0.0,0,1,0,1,0,0,2,0,0
Adam Wharton,Crystal Palace,M,21,27.63157895,228,54,46.95652174,466,357,823,79.13461538,22,46.80851064,25,27,5,134,11,0,14,5,35,22,33,120,0,2,5.9312769,1.336,29,0,0.0,0,5,33,29,4,0,0,,97,50.52083333,0,0,1,217,23,32,0,26,2174,0,0,0,0,1,0.0,0,0,0,0,341,14,0,7.055555556,1,0,0,0,0,0,0,0.0,0.0,0,7,19,8,4,11,45.83333333,60,34,56.66666667,32,24,76,119,49.79079498,115,629,411,1040,26,2,1434,26,4
Daniel Muñoz,Crystal Palace,M,12,24.48979592,146,21,37.5,268,225,493,78.12995246,33,45.83333333,39,21,2,82,5,0,6,9,70,6,16,95,0,0,3.35101335,1.9788,24,0,15.78947368,3,5,20,19,1,3,0,,65,53.71900826,1,0,0,138,22,20,0,21,1781,6,0,0,0,0,0.0,0,0,0,0,227,6,0,6.961904762,0,2,0,0,0,0,0,593.6666667,0.0,0,17,2,5,8,1,8.333333333,51,32,62.74509804,20,12,49,98,50.77720207,56,369,262,631,19,1,1068,13,5
Daichi Kamada,Crystal Palace,M,6,19.35483871,128,24,52.17391304,258,252,510,82.92682927,13,52.0,12,20,0,82,3,1,5,1,19,14,19,79,0,2,2.07332991,1.3912,26,0,0.0,0,0,17,16,1,0,0,,79,54.10958904,0,0,0,105,9,14,0,17,1488,1,0,0,0,0,0.0,0,0,0,1,186,10,0,6.85,0,0,0,0,0,0,0,0.0,0.0,0,9,7,7,4,11,55.0,49,29,59.18367347,14,20,31,92,53.80116959,46,336,279,615,16,0,871,20,2
Will Hughes,Crystal Palace,M,11,28.94736842,146,19,44.18604651,288,187,475,81.7555938,17,43.58974359,22,27,0,56,1,1,7,2,25,13,10,67,0,1,1.66657375,1.0906,19,0,0.0,0,0,13,12,1,0,0,,52,53.60824742,0,0,0,106,11,19,0,15,1304,0,0,0,0,1,0.0,0,0,0,0,159,0,0,6.788461538,0,0,0,0,0,0,0,0.0,0.0,0,10,7,10,0,10,66.66666667,24,14,58.33333333,19,15,38,69,50.73529412,43,368,213,581,17,0,806,19,7
Tyrick Mitchell,Crystal Palace,M,18,21.17647059,186,30,25.86206897,339,305,644,72.35955056,18,33.96226415,35,30,1,141,2,2,3,11,81,23,17,115,0,1,1.61687229,1.0925,19,0,7.692307692,1,2,35,31,4,1,0,,115,58.97435897,0,0,1,246,28,22,0,30,2669,5,0,0,0,0,0.0,0,0,0,0,431,4,0,6.77,0,1,0,0,0,0,0,2669.0,0.0,0,9,4,5,5,14,37.83783784,80,49,61.25,22,37,85,133,53.62903226,116,495,395,890,13,1,1631,21,5
Jefferson Lerma,Crystal Palace,M,3,33.33333333,101,37,47.43589744,240,280,520,79.51070336,52,59.09090909,36,24,2,71,2,2,4,5,48,7,11,77,0,1,0.94192313,1.0367,19,0,0.0,0,2,15,13,2,0,0,,36,46.75324675,0,0,0,134,16,11,0,13,1254,0,1,1,0,0,0.0,0,0,0,0,192,1,0,6.752173913,0,0,0,0,0,0,0,0.0,0.0,0,8,6,4,6,2,33.33333333,20,13,65.0,10,6,9,88,53.33333333,78,339,315,654,14,0,895,14,6
Romain Esse,Crystal Palace,M,0,0.0,5,1,100.0,8,5,13,65.0,1,25.0,3,4,0,2,0,0,0,0,0,2,1,9,0,0,0.03989478,,2,0,0.0,0,0,0,0,0,0,0,,5,45.45454545,0,0,0,7,0,0,0,0,54,0,0,0,0,0,0.0,0,0,0,0,16,1,0,6.575,0,0,0,0,0,0,0,0.0,0.0,0,0,0,0,0,1,50.0,2,1,50.0,0,2,2,6,40.0,1,13,7,20,0,0,37,2,0
Justin Devenny,Crystal Palace,M,0,0.0,51,8,36.36363636,85,56,141,71.93877551,6,25.0,18,18,0,24,0,4,4,1,8,10,14,61,0,0,0.35114287,2.6207,10,0,7.692307692,1,1,10,8,2,1,0,,24,35.82089552,0,0,1,55,0,7,1,5,638,1,0,0,1,0,100.0,0,1,0,0,113,2,0,6.470588235,0,0,0,0,0,0,0,638.0,0.0,1,10,3,5,4,2,16.66666667,16,8,50.0,7,12,9,30,32.96703297,22,128,68,196,13,0,347,6,0
Joel Drakes-Thomas,Crystal Palace,M,0,0.0,4,0,0.0,6,2,8,72.72727273,0,0.0,0,2,0,2,0,0,0,0,0,0,0,2,0,0,0.00432351,,1,0,0.0,0,0,1,0,1,0,0,,1,33.33333333,0,0,0,3,0,0,0,0,25,0,0,0,0,0,0.0,0,0,0,0,4,0,0,6.45,0,0,0,0,0,0,0,0.0,0.0,0,0,0,0,0,0,0.0,1,1,100.0,0,1,0,1,33.33333333,0,7,4,11,0,0,13,0,0
Kaden Rodney,Crystal Palace,M,0,0.0,1,0,0.0,1,2,3,60.0,0,0.0,1,1,0,0,0,0,0,0,0,0,0,2,0,0,0.00026374,,1,0,0.0,0,0,0,0,0,0,0,,0,0.0,0,0,0,2,0,0,0,0,9,0,0,0,0,0,0.0,0,0,0,0,2,0,0,6.4,0,0,0,0,0,0,0,0.0,0.0,0,0,0,0,0,0,0.0,0,0,0.0,0,0,0,0,0.0,1,3,2,5,0,0,5,0,0
Borna Sosa,Crystal Palace,M,0,0.0,4,0,0.0,5,5,10,45.45454545,2,66.66666667,1,5,0,1,0,0,0,0,3,0,0,5,0,0,0.05857559,,3,0,0.0,0,0,1,0,1,0,0,,3,42.85714286,0,0,0,12,1,1,0,0,53,0,0,0,0,0,0.0,0,0,0,0,20,0,0,6.4,0,0,0,0,0,0,0,0.0,0.0,0,0,0,0,0,0,0.0,3,0,0.0,1,1,5,5,50.0,5,16,6,22,0,0,44,0,0
Ethan Ampadu,Leeds United,M,9,36.0,221,63,50.0,544,624,1168,84.88372093,49,67.12328767,24,28,1,148,1,2,7,4,67,10,14,84,0,3,1.99667558,1.8079,36,0,5.0,1,2,41,36,5,1,0,,105,63.63636364,0,0,0,208,39,16,0,28,2493,0,0,1,0,1,0.0,0,0,0,0,367,12,0,7.139285714,0,1,0,0,0,0,0,2493.0,0.0,0,8,12,8,5,10,66.66666667,69,38,55.07246377,15,15,25,154,64.70588235,126,694,682,1376,20,3,1904,28,7
Anton Stach,Leeds United,M,41,30.59701493,232,40,54.79452055,410,274,684,78.80184332,43,62.31884058,26,26,3,111,9,1,22,5,48,24,21,124,0,1,4.32518977,2.5477,32,3,8.333333333,4,7,34,30,4,1,3,,93,48.69109948,0,0,0,184,19,58,0,25,2142,0,0,0,0,1,0.0,0,0,0,0,357,22,0,7.126923077,0,4,0,0,0,0,0,535.5,42.85714286,7,19,29,13,13,18,46.15384615,57,32,56.14035088,58,39,134,136,52.30769231,73,549,319,868,48,3,1384,20,3
Sean Longstaff,Leeds United,M,24,48.0,71,13,43.33333333,164,189,353,85.47215496,8,44.44444444,10,17,2,38,6,0,3,1,10,10,21,55,0,0,1.51332043,0.8523,10,0,7.692307692,1,3,19,15,4,1,0,,55,55.0,0,0,1,60,10,22,0,10,957,1,0,0,0,0,0.0,0,0,0,0,110,5,0,6.846666667,0,1,0,0,0,0,0,957.0,0.0,1,6,7,8,2,1,16.66666667,37,22,59.45945946,22,6,50,63,53.38983051,30,205,208,413,13,1,612,17,2
Brenden Aaronson,Leeds United,M,9,26.47058824,147,6,27.27272727,268,161,429,79.44444444,19,31.14754098,42,30,3,107,8,4,15,1,11,60,31,192,0,0,3.01179453,4.1405,17,0,9.756097561,4,7,27,23,4,3,1,,110,42.30769231,0,0,2,111,11,26,1,24,1995,5,0,0,0,1,0.0,0,0,0,0,316,11,0,6.726666667,0,3,0,0,0,0,0,498.75,0.0,0,25,16,11,15,22,32.8358209,45,21,46.66666667,26,67,34,129,40.18691589,22,352,188,540,41,1,1051,43,1
Ilia Gruev,Leeds United,M,4,26.66666667,75,19,67.85714286,190,313,503,89.82142857,12,37.5,20,21,3,49,2,1,1,2,16,5,18,60,0,0,0.86931622,0.4399,16,0,0.0,0,3,23,22,1,0,0,,38,48.71794872,0,0,0,57,15,11,0,15,1306,0,0,0,0,0,0.0,0,0,0,0,90,4,0,6.705,0,0,0,0,0,0,0,0.0,0.0,0,3,3,4,1,6,85.71428571,24,12,50.0,11,7,15,50,45.45454545,28,227,333,560,6,0,718,9,3
Ao Tanaka,Leeds United,M,2,16.66666667,82,9,39.13043478,157,174,331,84.22391858,9,50.0,9,21,0,45,1,0,1,1,7,4,15,38,0,1,0.67358938,0.8471,8,0,16.66666667,2,2,16,16,0,1,1,,22,43.1372549,0,0,0,62,12,8,1,7,775,0,0,0,0,0,0.0,0,0,0,0,94,5,0,6.657894737,0,1,0,0,0,0,0,387.5,0.0,0,4,8,8,3,1,20.0,17,8,47.05882353,8,5,12,31,44.92753623,23,198,195,393,12,0,511,4,1
Daniel James,Leeds United,M,5,11.9047619,34,1,25.0,49,12,61,64.21052632,2,40.0,3,15,0,18,1,2,5,0,2,2,4,18,0,0,0.59946703,0.7045,1,0,0.0,0,0,13,11,2,0,0,,17,53.125,0,0,0,34,1,8,0,4,422,1,0,0,0,0,0.0,0,0,0,0,93,3,0,6.62,0,0,0,0,0,0,0,0.0,0.0,0,4,6,3,2,5,38.46153846,5,4,80.0,8,13,42,19,51.35135135,4,76,19,95,10,0,202,7,0
Jack Harrison,Leeds United,M,2,11.76470588,33,3,27.27272727,57,36,93,79.48717949,1,25.0,3,11,0,13,1,1,1,0,2,0,3,11,0,0,0.23501019,0.2839,1,0,0.0,0,0,5,5,0,0,0,,12,60.0,0,0,0,24,4,2,0,1,263,0,0,0,0,1,0.0,0,0,0,0,53,2,0,6.58,0,0,0,0,0,0,0,0.0,0.0,0,2,4,3,2,3,42.85714286,5,2,40.0,2,7,17,13,54.16666667,11,74,43,117,6,0,182,4,0
Facundo Buonanotte,Leeds United,M,0,0.0,8,1,50.0,20,4,24,80.0,1,100.0,0,3,0,3,0,0,1,0,0,0,2,5,0,0,0.10055615,0.0401,1,0,0.0,0,0,2,2,0,0,0,,1,16.66666667,0,0,0,6,1,2,0,1,74,0,0,0,0,0,0.0,0,0,0,0,12,0,0,6.4,0,0,0,0,0,0,0,0.0,0.0,0,1,0,0,0,0,0.0,1,0,0.0,2,2,0,2,28.57142857,2,25,5,30,1,0,46,0,1
Elliot Anderson,Nottingham Forest,M,43,27.38853503,504,106,56.68449198,947,770,1717,85.76423576,59,59.0,41,31,2,259,6,1,16,6,36,49,34,205,0,3,3.51423719,2.4856,46,0,5.555555556,2,4,42,33,9,1,1,,195,54.31754875,0,0,0,285,34,48,0,31,2774,2,0,0,1,1,100.0,0,1,0,0,558,19,0,7.287096774,0,2,0,0,0,0,0,1387.0,0.0,2,15,21,12,8,40,51.94805195,90,56,62.22222222,48,77,157,254,55.33769063,187,1159,843,2002,36,2,2780,68,6
Ibrahim Sangaré,Nottingham Forest,M,0,0.0,148,31,55.35714286,357,341,698,87.14107366,21,44.68085106,26,23,2,87,2,1,2,7,43,13,19,101,0,3,1.65584254,1.1464,35,0,12.5,2,4,22,19,3,1,1,,74,49.66442953,0,0,1,103,18,9,0,21,1770,0,0,0,0,2,0.0,0,0,0,0,160,3,0,6.990909091,0,2,0,0,0,0,0,885.0,0.0,0,5,11,9,5,10,52.63157895,51,25,49.01960784,9,19,8,95,48.46938776,56,427,374,801,16,1,1083,14,5
Callum Hudson-Odoi,Nottingham Forest,M,12,13.79310345,316,22,62.85714286,456,110,566,89.27444795,3,25.0,9,29,3,66,5,1,8,2,12,22,9,77,0,1,2.68399279,2.719,11,0,10.71428571,3,6,25,20,5,2,1,,55,44.71544715,0,0,1,68,8,39,0,20,1759,3,0,0,0,0,0.0,0,0,0,0,240,8,0,6.848275862,0,3,0,0,0,0,0,586.3333333,0.0,1,16,12,10,10,30,51.72413793,13,6,46.15384615,39,58,87,58,42.96296296,35,510,124,634,28,1,969,12,0
Nicolás Domínguez,Nottingham Forest,M,5,38.46153846,100,14,63.63636364,174,141,315,82.46073298,12,40.0,18,20,0,42,1,1,7,0,12,4,19,57,0,1,0.44056564,1.1544,11,0,6.25,1,1,18,16,2,1,0,,54,58.06451613,1,0,0,67,4,9,0,14,942,0,0,0,0,0,0.0,0,0,0,0,96,8,0,6.827777778,0,0,0,0,0,0,0,942.0,0.0,0,6,10,4,5,5,45.45454545,41,22,53.65853659,9,11,13,66,53.65853659,22,218,164,382,16,0,531,8,2
Morgan Gibbs-White,Nottingham Forest,M,7,20.0,387,37,56.92307692,610,250,860,81.74904943,39,35.77981651,70,31,2,92,3,6,19,6,29,31,20,164,1,3,2.14837061,8.3353,22,0,13.84615385,9,11,39,30,9,8,1,,74,44.04761905,2,0,0,192,11,44,1,30,2646,4,0,0,1,0,100.0,0,1,0,1,367,15,0,6.751612903,0,6,0,0,0,0,0,294.0,0.0,4,39,26,23,23,23,50.0,16,11,68.75,44,46,35,113,40.79422383,65,766,286,1052,65,0,1494,37,1
Omari Hutchinson,Nottingham Forest,M,23,20.0,154,9,42.85714286,241,100,341,83.17073171,3,12.0,22,24,3,69,6,2,7,3,6,19,15,102,1,1,3.07544562,1.7869,17,0,4.347826087,1,4,17,15,2,1,0,,69,46.30872483,0,0,0,69,7,26,1,12,1290,6,0,0,0,0,0.0,0,0,0,1,248,11,0,6.739130435,0,0,0,0,0,0,0,1290.0,0.0,0,15,8,6,10,33,52.38095238,18,10,55.55555556,26,63,115,72,41.37931034,21,293,117,410,23,0,789,19,0
Ryan Yates,Nottingham Forest,M,1,50.0,42,3,37.5,66,70,136,77.71428571,14,60.86956522,9,16,1,12,0,1,2,0,11,5,3,26,0,0,0.20869758,0.2239,8,0,0.0,0,1,5,3,2,0,0,,21,55.26315789,0,0,0,39,6,3,0,1,431,0,0,0,0,0,0.0,0,0,0,0,50,2,0,6.6625,0,0,0,0,0,0,0,0.0,0.0,0,2,3,2,1,1,50.0,11,8,72.72727273,3,2,2,35,57.37704918,8,95,80,175,5,0,249,9,1
Dan Ndoye,Nottingham Forest,M,9,21.42857143,99,7,53.84615385,160,61,221,78.36879433,11,44.0,14,23,1,50,2,1,4,0,11,19,12,80,0,0,1.53736363,1.0617,16,0,6.666666667,1,2,17,12,5,1,0,,58,46.77419355,1,0,0,61,10,14,0,14,1175,9,0,0,0,0,0.0,0,0,0,0,178,4,0,6.640909091,0,0,0,0,0,0,0,1175.0,0.0,0,10,5,7,4,13,39.39393939,23,13,56.52173913,14,33,42,69,46.30872483,13,202,80,282,15,0,553,22,1
James McAtee,Nottingham Forest,M,0,0.0,25,1,50.0,52,15,67,91.78082192,1,16.66666667,5,10,0,7,0,0,1,0,1,5,1,18,0,0,0.16989837,0.0151,4,0,0.0,0,0,8,6,2,0,0,,10,43.47826087,0,0,0,6,1,3,0,1,189,1,0,0,0,0,0.0,0,0,0,0,26,1,0,6.5,0,0,0,0,0,0,0,0.0,0.0,0,0,1,0,0,3,50.0,4,3,75.0,3,6,8,11,37.93103448,2,56,17,73,1,0,118,3,1
Dilane Bakwa,Nottingham Forest,M,5,17.85714286,45,1,25.0,70,29,99,76.15384615,1,33.33333333,2,10,1,21,1,1,1,0,2,2,5,29,0,0,0.68952021,0.5119,9,0,0.0,0,1,8,7,1,0,0,,14,34.14634146,0,0,0,31,0,7,0,3,343,0,0,0,0,0,0.0,0,0,0,0,76,2,0,6.422222222,0,0,0,0,0,0,0,0.0,0.0,0,4,4,4,3,4,26.66666667,2,2,100.0,7,15,28,15,34.09090909,4,93,37,130,8,0,226,8,1
João Palhinha,Tottenham Hotspur,M,0,0.0,101,28,36.84210526,284,363,647,80.27295285,28,56.0,22,26,2,69,1,0,11,3,45,21,18,93,0,1,0.55484364,1.3009,21,0,13.04347826,3,5,32,23,9,2,1,,129,64.5,0,0,0,159,24,6,0,19,1779,0,0,0,0,0,0.0,0,0,0,0,222,4,0,7.011538462,0,3,0,0,0,0,0,593.0,0.0,0,11,12,7,5,7,38.88888889,96,56,58.33333333,6,18,4,157,62.8,76,384,422,806,23,2,1181,26,6
Mohammed Kudus,Tottenham Hotspur,M,28,22.95081967,178,19,70.37037037,266,114,380,85.58558559,11,37.93103448,18,19,5,95,3,3,10,2,6,54,12,156,0,1,2.4015259,1.9301,23,0,7.692307692,2,7,20,13,7,1,1,,96,41.02564103,0,0,1,64,3,25,2,19,1545,10,0,2,0,0,0.0,0,0,0,0,331,12,0,6.863157895,0,0,0,0,0,0,0,772.5,0.0,2,16,10,7,9,52,50.98039216,29,19,65.51724138,23,102,122,107,40.68441065,27,313,131,444,26,1,931,15,3
Xavi Simons,Tottenham Hotspur,M,14,28.0,232,33,64.70588235,382,220,602,82.01634877,12,33.33333333,24,25,4,83,6,1,15,1,9,27,16,115,0,2,3.54724173,2.3343,19,0,2.777777778,1,5,32,25,7,1,0,,98,51.85185185,0,0,1,132,15,31,0,17,1599,0,0,1,0,0,0.0,0,0,0,0,287,21,0,6.856,1,1,0,0,0,0,0,1599.0,0.0,3,14,22,12,9,26,43.33333333,33,20,60.60606061,30,60,50,110,48.88888889,51,482,252,734,36,2,1146,39,4
Pape Matar Sarr,Tottenham Hotspur,M,1,14.28571429,146,20,60.60606061,278,234,512,84.90878939,26,40.625,38,22,3,74,2,1,7,3,46,16,9,95,0,2,1.05918645,1.5385,26,0,12.5,2,5,22,20,2,2,0,,57,50.0,2,0,0,91,17,8,0,13,1330,3,0,0,0,0,0.0,0,0,0,0,142,5,0,6.818181818,0,0,0,0,0,0,0,665.0,0.0,0,8,8,3,6,11,57.89473684,33,21,63.63636364,8,19,7,83,46.62921348,33,339,264,603,16,1,860,13,2
Rodrigo Bentancur,Tottenham Hotspur,M,1,14.28571429,121,15,44.11764706,294,331,625,84.57374831,25,40.98360656,36,20,1,100,1,0,3,4,40,5,7,72,0,1,0.67679891,0.4734,15,0,11.11111111,1,2,21,17,4,1,0,,53,59.5505618,0,0,0,114,22,9,0,17,1415,1,0,0,0,1,0.0,0,0,0,0,151,5,0,6.72,0,1,0,0,0,0,0,1415.0,0.0,0,4,5,4,2,13,59.09090909,37,22,59.45945946,9,22,7,78,52.0,34,368,371,739,9,0,966,3,5
Lucas Bergvall,Tottenham Hotspur,M,3,15.78947368,79,10,55.55555556,132,98,230,82.43727599,4,25.0,12,18,2,34,0,1,1,0,11,5,5,47,1,0,0.39361382,1.3424,19,0,9.090909091,1,3,15,11,4,1,0,,40,53.33333333,1,0,0,49,2,4,0,10,867,3,0,0,0,0,0.0,0,0,0,0,117,1,0,6.652941176,0,0,0,0,0,0,0,867.0,0.0,0,9,2,5,5,14,70.0,20,12,60.0,4,20,19,44,48.35164835,18,172,107,279,11,1,447,6,2
Yves Bissouma,Tottenham Hotspur,M,0,0.0,36,1,20.0,110,101,211,87.91666667,4,57.14285714,3,8,0,25,0,0,1,0,13,3,2,12,1,0,0.0956329,0.3554,4,0,0.0,0,0,15,13,2,0,0,,25,73.52941176,0,0,0,29,9,0,0,5,463,0,0,0,0,0,0.0,0,0,0,0,37,0,0,6.625,0,0,0,0,0,0,0,0.0,0.0,0,1,4,2,2,2,100.0,18,11,61.11111111,0,2,1,29,70.73170732,5,134,106,240,5,0,317,5,3
Archie Gray,Tottenham Hotspur,M,4,33.33333333,107,21,41.17647059,216,206,422,82.90766208,9,36.0,16,21,2,55,3,0,3,2,41,17,1,53,1,0,1.17282508,1.4333,11,0,20.0,2,4,26,19,7,2,0,,19,33.92857143,1,0,0,87,14,8,0,17,1398,0,0,0,0,0,0.0,0,0,0,0,144,2,0,6.605,0,1,0,0,0,0,0,699.0,0.0,0,7,3,3,4,6,42.85714286,11,8,72.72727273,8,14,12,28,34.56790123,51,275,234,509,10,0,725,2,5
Callum Olusesi,Tottenham Hotspur,M,0,0.0,4,1,100.0,7,1,8,100.0,0,0.0,0,1,0,2,0,0,0,0,0,0,0,0,0,0,0.00532838,,0,0,0.0,0,0,0,0,0,0,0,,0,0.0,0,0,0,0,0,0,0,0,14,0,0,0,0,0,0.0,0,0,0,0,0,1,0,6.6,0,0,0,0,0,0,0,0.0,0.0,0,0,0,0,0,0,0.0,0,0,0.0,0,0,0,0,0.0,1,7,1,8,0,0,9,0,0
Conor Gallagher,Tottenham Hotspur,M,4,28.57142857,51,9,60.0,110,92,202,80.47808765,3,23.07692308,10,9,1,34,0,2,1,0,4,8,8,39,0,1,0.48993,0.5636,12,0,0.0,0,1,17,15,2,0,0,,29,50.0,0,0,0,49,9,7,0,7,594,0,0,0,0,0,0.0,0,0,0,0,84,4,0,6.477777778,0,0,0,0,0,0,0,0.0,0.0,0,4,1,2,2,5,62.5,10,8,80.0,7,8,14,32,45.07042254,15,144,107,251,5,0,364,14,0
Mateus Fernandes,West Ham United,M,12,26.08695652,242,77,61.11111111,532,520,1052,87.8130217,14,51.85185185,13,29,3,143,2,0,8,3,29,29,35,130,0,4,2.24908634,1.249,41,0,13.63636364,3,6,42,38,4,2,1,,144,55.17241379,1,0,1,146,30,29,0,28,2399,0,0,0,0,0,0.0,0,0,0,0,260,14,0,7.155172414,0,2,0,0,0,0,0,799.6666667,0.0,0,6,16,9,5,23,63.88888889,81,55,67.90123457,29,36,46,158,54.86111111,126,641,557,1198,22,1,1652,40,6
Crysencio Summerville,West Ham United,M,10,25.0,145,7,70.0,255,148,403,83.78378378,4,30.76923077,9,24,1,90,2,5,17,3,26,27,10,121,0,0,2.00960613,4.2678,37,0,11.62790698,5,6,34,31,3,5,0,,114,50.44247788,1,0,0,78,13,20,1,22,1864,5,0,0,0,0,0.0,0,0,0,1,242,10,0,7.0,0,3,0,0,0,0,0,372.8,0.0,0,33,10,11,15,33,45.20547945,31,18,58.06451613,20,73,40,118,49.37238494,10,314,167,481,43,3,909,50,4
Jarrod Bowen,West Ham United,M,19,17.59259259,202,13,35.13513514,347,141,488,73.71601208,26,34.66666667,49,31,6,132,9,5,25,4,33,66,19,199,0,0,4.05327377,6.2044,17,0,11.94029851,8,14,55,51,4,6,2,,132,46.80851064,1,0,1,174,20,32,6,31,2778,17,0,0,1,0,100.0,0,1,0,0,464,22,0,6.996774194,0,1,0,0,0,0,0,347.25,0.0,1,49,18,19,23,46,47.91666667,41,23,56.09756098,32,96,108,158,44.25770308,37,486,176,662,67,0,1333,45,5
Lucas Paquetá,West Ham United,M,7,20.0,203,25,51.02040816,387,221,608,77.05956907,38,42.69662921,51,18,1,76,6,1,6,1,17,27,12,142,0,1,2.10642454,2.8158,28,0,17.39130435,4,5,32,30,2,2,2,,85,48.29545455,0,0,0,181,8,23,4,18,1521,5,0,0,2,1,100.0,0,2,0,0,314,9,0,6.905555556,1,0,0,0,0,0,0,380.25,0.0,2,8,15,6,11,16,38.0952381,39,22,56.41025641,23,42,35,123,46.41509434,49,541,248,789,23,1,1141,30,5
Freddie Potts,West Ham United,M,6,17.64705882,93,26,47.27272727,247,190,437,83.55640535,20,60.60606061,13,20,1,38,2,0,2,0,31,5,7,45,0,0,1.06490037,0.2121,15,0,0.0,0,1,24,20,4,0,0,,43,57.33333333,0,0,0,86,16,8,0,12,1144,0,0,0,0,0,0.0,0,0,0,0,136,0,0,6.82,0,0,0,0,0,0,0,0.0,0.0,0,3,0,0,1,2,25.0,27,17,62.96296296,8,8,34,63,58.33333333,55,303,220,523,3,0,715,14,1
Soungoutou Magassa,West Ham United,M,1,11.11111111,53,18,51.42857143,160,153,313,80.25641026,11,40.74074074,16,20,0,51,1,0,2,0,14,6,14,55,0,0,0.30815571,0.442,17,0,14.28571429,1,1,23,21,2,1,0,,62,61.38613861,0,0,0,77,16,5,0,11,977,0,0,0,0,1,0.0,0,0,0,0,107,4,0,6.74,0,1,0,0,0,0,0,977.0,0.0,0,2,5,3,2,5,62.5,40,21,52.5,5,8,9,73,57.03125,35,208,182,390,7,0,578,17,4
Tomá Sou?ek,West Ham United,M,0,0.0,110,16,34.7826087,230,261,491,76.24223602,52,55.91397849,41,28,0,48,1,4,4,3,69,7,18,96,0,0,0.40143408,4.3746,28,0,22.22222222,4,4,34,33,1,4,0,,45,45.0,0,0,0,153,15,9,1,17,1612,5,0,0,0,0,0.0,0,0,0,0,205,3,0,6.635714286,1,2,0,0,0,0,0,403.0,0.0,0,16,2,3,11,3,37.5,29,16,55.17241379,9,8,11,97,50.25906736,46,343,301,644,18,0,901,14,2
Mohamadou Kanté,West Ham United,M,0,0.0,8,0,0.0,13,1,14,66.66666667,2,100.0,0,8,0,6,0,0,0,0,1,4,3,8,0,0,0.04233756,0.0943,1,0,0.0,0,0,0,0,0,0,0,,4,33.33333333,0,0,0,7,0,1,0,0,70,0,0,0,0,0,0.0,0,0,0,0,12,1,0,6.633333333,0,0,0,0,0,0,0,0.0,0.0,0,2,0,2,0,0,0.0,4,3,75.0,1,0,0,6,42.85714286,0,20,1,21,2,0,39,0,1
Guido Rodríguez,West Ham United,M,0,0.0,15,0,0.0,37,31,68,89.47368421,2,66.66666667,1,6,0,10,0,0,1,0,2,0,4,7,0,0,0.04237,0.0258,2,0,0.0,0,0,2,2,0,0,0,,5,45.45454545,0,0,0,8,2,0,0,2,177,0,0,0,0,0,0.0,0,0,0,0,11,1,0,6.62,0,0,0,0,0,0,0,0.0,0.0,0,0,1,0,0,0,0.0,1,0,0.0,0,0,2,7,50.0,3,40,36,76,1,0,100,4,1
Andy Irving,West Ham United,M,3,25.0,25,5,83.33333333,51,32,83,89.24731183,0,0.0,4,7,0,14,0,0,0,0,0,2,1,9,0,0,0.17530694,,1,0,0.0,0,0,4,4,0,0,0,,6,54.54545455,0,0,0,10,1,3,0,2,163,0,0,0,0,0,0.0,0,0,0,0,24,2,0,6.6,0,0,0,0,0,0,0,0.0,0.0,0,0,0,0,0,0,0.0,6,3,50.0,3,1,12,6,40.0,6,60,33,93,0,0,130,0,0
Oliver Scarles,West Ham United,M,3,8.823529412,50,18,42.85714286,105,113,218,80.74074074,7,50.0,7,12,0,35,3,0,0,0,29,0,9,28,1,0,0.30986934,0.177,6,0,0.0,0,0,16,15,1,0,0,,38,64.40677966,0,0,0,52,13,4,0,9,657,1,0,0,0,0,0.0,0,0,0,1,115,2,0,6.55,0,0,0,0,0,0,0,0.0,0.0,0,3,0,3,0,2,22.22222222,29,21,72.4137931,4,9,34,45,61.64383562,42,142,128,270,3,0,493,7,1
Luis Guilherme,West Ham United,M,0,0.0,7,1,100.0,11,16,27,90.0,0,0.0,1,5,0,8,0,0,0,0,2,5,1,11,0,0,0.03567383,0.0695,0,0,0.0,0,0,2,2,0,0,0,,3,23.07692308,0,0,0,3,0,1,0,1,121,0,0,0,0,0,0.0,0,0,0,0,15,0,0,6.48,0,0,0,0,0,0,0,0.0,0.0,0,1,0,1,0,2,33.33333333,1,1,100.0,1,6,0,3,21.42857143,1,13,17,30,1,0,50,0,0
George Earthy,West Ham United,M,0,0.0,1,0,0.0,1,2,3,100.0,0,0.0,0,1,0,0,0,0,0,0,0,0,0,0,0,0,0.00664349,,0,0,0.0,0,0,1,1,0,0,0,,0,0.0,0,0,0,0,0,0,0,0,8,0,0,0,0,0,0.0,0,0,0,0,0,0,0,6.4,0,0,0,0,0,0,0,0.0,0.0,0,0,0,0,0,0,0.0,0,0,0.0,0,0,0,0,0.0,0,1,2,3,0,0,3,0,0
Josh Cullen,Burnley,M,1,8.333333333,164,42,43.75,350,378,728,84.06466513,17,51.51515152,16,18,2,73,4,0,4,2,35,10,12,55,0,2,1.35254865,0.9004,16,0,18.18181818,2,4,29,27,2,2,0,,49,55.68181818,0,0,0,138,22,13,0,18,1519,0,1,0,0,1,0.0,0,0,0,0,183,3,0,6.911111111,0,2,0,0,0,0,0,759.5,0.0,0,3,8,1,6,2,33.33333333,31,18,58.06451613,13,6,12,66,54.54545455,96,465,401,866,11,1,1084,18,2
James Ward-Prowse,Burnley,M,17,33.33333333,78,18,54.54545455,176,147,323,88.01089918,8,40.0,12,11,1,25,6,0,2,1,10,1,8,29,0,0,1.23884789,0.1237,7,0,0.0,0,1,17,17,0,0,0,,15,46.875,0,0,0,44,10,17,0,8,737,0,0,0,0,0,0.0,0,0,0,0,88,3,0,6.863636364,0,0,0,0,0,0,0,0.0,0.0,1,0,2,0,0,0,0.0,8,4,50.0,17,1,51,23,44.23076923,33,214,153,367,2,0,489,7,1
Jaidon Anthony,Burnley,M,12,20.33898305,191,25,58.13953488,323,205,528,79.16041979,11,35.48387097,20,30,1,119,5,2,12,2,24,34,25,143,0,3,2.56174026,3.9629,20,0,15.2173913,7,8,46,44,2,7,0,,96,43.83561644,0,0,2,139,13,31,5,25,2131,7,0,0,0,1,0.0,0,0,0,1,354,20,0,6.86,0,2,0,0,0,0,0,304.4285714,0.0,0,32,14,16,18,27,38.02816901,34,18,52.94117647,31,71,59,107,42.8,43,419,248,667,46,1,1182,38,4
Hannibal Mejbri,Burnley,M,9,34.61538462,129,15,41.66666667,214,91,305,77.21518987,5,17.24137931,24,23,3,56,4,0,6,1,5,27,12,86,0,2,1.32017823,0.5481,17,0,7.142857143,1,4,22,22,0,1,0,,78,55.71428571,0,0,0,90,8,14,0,12,1012,3,0,0,0,1,0.0,0,0,0,0,182,7,0,6.719047619,0,1,0,0,0,0,0,1012.0,0.0,1,4,10,4,4,16,59.25925926,25,13,52.0,14,27,26,83,49.11242604,36,281,114,395,14,1,653,37,7
Lesley Ugochukwu,Burnley,M,1,16.66666667,139,22,55.0,314,243,557,82.88690476,22,44.89795918,27,30,1,86,0,1,8,1,20,27,16,108,1,0,0.29368362,2.2512,25,0,15.0,3,4,43,40,3,3,0,,81,50.0,2,0,0,115,16,8,1,22,1991,1,0,0,0,1,0.0,0,0,0,0,186,5,0,6.716666667,1,0,0,0,0,0,0,663.6666667,0.0,0,13,7,5,7,10,38.46153846,46,24,52.17391304,8,26,6,103,48.81516588,40,398,274,672,20,0,983,26,1
Florentino Luís,Burnley,M,1,11.11111111,134,35,63.63636364,331,383,714,85.61151079,19,47.5,21,24,2,85,0,2,3,1,48,12,29,104,1,3,0.42133656,0.5687,31,0,0.0,0,2,37,36,1,0,0,,89,51.74418605,0,0,0,120,30,9,0,20,1665,1,0,0,0,1,0.0,0,0,0,0,170,2,0,6.7125,0,0,0,0,0,0,0,0.0,0.0,0,2,7,5,1,7,38.88888889,75,40,53.33333333,9,18,9,108,50.94339623,55,414,420,834,9,0,1147,7,4
Marcus Edwards,Burnley,M,4,23.52941176,113,5,50.0,173,60,233,82.62411348,1,12.5,7,19,3,42,5,2,9,0,4,23,16,71,0,0,1.66306873,1.4542,7,0,4.761904762,1,4,16,15,1,1,0,,32,33.33333333,0,0,1,49,2,18,1,9,911,1,0,0,0,0,0.0,0,0,0,0,148,6,0,6.644444444,0,0,0,0,0,0,0,911.0,0.0,4,12,9,7,5,12,37.5,8,4,50.0,18,32,17,33,31.73076923,10,215,67,282,21,0,462,12,0
Josh Laurent,Burnley,M,4,26.66666667,91,15,26.78571429,218,233,451,77.49140893,25,52.08333333,23,28,0,56,0,1,4,1,37,12,20,85,1,0,0.4478736,0.8329,25,0,7.692307692,1,1,36,33,3,1,0,,57,47.89915966,0,0,1,131,23,11,0,16,1596,2,0,0,0,1,0.0,0,0,0,0,181,2,0,6.446428571,1,1,0,0,0,0,0,1596.0,0.0,0,6,7,5,4,7,53.84615385,40,21,52.5,11,13,15,82,49.10179641,56,307,275,582,13,0,823,10,7
Mike Trésor,Burnley,M,0,0.0,1,0,0.0,4,8,12,80.0,0,0.0,3,4,0,2,0,0,0,0,0,1,0,5,0,0,0.00168631,,0,0,0.0,0,0,1,0,1,0,0,,0,0.0,0,0,0,3,0,0,0,0,40,0,0,0,0,0,0.0,0,0,0,0,10,0,0,6.425,0,0,0,0,0,0,0,0.0,0.0,0,0,0,0,0,0,0.0,0,0,0.0,0,1,2,0,0.0,0,6,9,15,0,0,24,0,0
Ashley Barnes,Burnley,M,0,0.0,2,0,0.0,2,0,2,18.18181818,7,50.0,7,6,0,2,0,0,1,0,0,2,0,10,0,0,0.00223747,0.1055,2,0,0.0,0,0,3,2,1,0,0,,1,25.0,0,0,0,9,0,0,0,0,78,2,0,0,0,0,0.0,0,0,0,0,17,0,0,6.4,0,0,0,0,0,0,0,0.0,0.0,0,1,0,0,0,1,100.0,0,0,0.0,0,1,0,8,44.44444444,1,11,0,11,1,0,22,0,1
Tom Edozie,Wolverhampton,M,0,0.0,0,1,100.0,2,0,2,66.66666667,0,0.0,0,1,0,0,0,0,0,0,0,1,0,2,0,0,0.00047562,0.1648,0,0,100.0,1,1,0,0,0,1,0,,2,50.0,0,0,0,1,0,0,0,0,15,0,0,0,0,0,0.0,0,0,0,0,3,0,0,7.6,0,1,0,0,0,0,0,15.0,0.0,0,1,0,0,1,1,50.0,1,0,0.0,0,2,0,2,50.0,1,3,0,3,1,0,8,0,0
André,Wolverhampton,M,8,21.05263158,146,44,62.85714286,417,523,940,90.21113244,4,23.52941176,13,28,0,162,1,0,7,1,44,23,26,107,1,4,0.77133741,0.4376,33,0,9.090909091,1,1,39,34,5,0,1,,114,54.80769231,0,0,0,102,25,13,1,23,2136,0,0,0,0,0,0.0,0,0,0,0,191,7,0,6.857142857,0,0,0,0,0,0,0,2136.0,0.0,1,1,10,3,1,13,50.0,64,32,50.0,13,26,38,118,52.44444444,70,483,559,1042,11,1,1402,37,9
Rodrigo Gomes,Wolverhampton,M,2,10.0,54,2,25.0,94,43,137,78.28571429,6,37.5,10,15,0,21,0,0,1,0,12,4,4,34,0,0,0.32577077,1.698,4,0,21.42857143,3,3,11,8,3,3,0,,27,52.94117647,0,0,0,38,6,3,0,6,620,3,0,0,0,0,0.0,0,0,0,0,102,5,0,6.84,0,3,0,0,0,0,0,206.6666667,0.0,0,13,1,7,6,3,20.0,17,13,76.47058824,3,15,20,33,49.25373134,8,119,56,175,14,0,335,7,0
João Gomes,Wolverhampton,M,9,34.61538462,226,33,58.92857143,530,509,1039,85.93879239,23,51.11111111,22,29,1,164,2,0,4,2,37,40,40,179,0,1,1.83324107,1.1477,56,0,6.25,1,2,43,37,6,1,0,,161,50.62893082,0,0,0,170,31,14,0,26,2309,0,0,0,0,0,0.0,0,0,0,0,293,9,0,6.796551724,0,1,0,0,0,0,0,2309.0,0.0,2,8,8,6,6,37,63.79310345,85,55,64.70588235,14,58,26,184,50.68870523,56,649,560,1209,16,1,1692,39,9
Angel Gomes,Wolverhampton,M,2,50.0,29,8,66.66666667,50,56,106,86.17886179,0,0.0,1,7,0,13,0,0,0,0,2,0,2,9,0,0,0.16265095,0.1108,5,0,0.0,0,0,4,4,0,0,0,,16,66.66666667,0,0,0,17,0,3,0,4,302,0,0,0,0,0,0.0,0,0,0,0,26,0,0,6.771428571,0,0,0,0,0,0,0,0.0,0.0,0,0,3,2,1,2,66.66666667,8,4,50.0,3,3,4,16,64.0,12,58,65,123,3,0,166,6,1
Jean-Ricner Bellegarde,Wolverhampton,M,4,18.18181818,100,21,53.84615385,195,107,302,80.1061008,6,23.07692308,20,22,1,37,1,0,6,0,18,17,3,66,3,0,1.00999903,0.9772,17,0,5.0,1,2,26,20,6,1,0,,74,61.66666667,0,0,0,75,10,12,0,13,1089,0,0,1,0,0,0.0,0,0,0,0,151,4,0,6.763636364,0,1,0,0,0,0,0,1089.0,0.0,2,5,15,7,7,16,64.0,25,14,56.0,11,25,22,80,54.79452055,39,250,127,377,20,0,627,33,4
Marshall Munetsi,Wolverhampton,M,3,21.42857143,47,6,50.0,81,26,107,63.31360947,30,46.875,34,13,1,20,1,0,2,0,30,11,9,77,0,0,0.38380346,1.6064,19,0,7.142857143,1,2,19,14,5,1,0,,35,44.87179487,1,0,1,62,7,3,0,9,877,4,0,0,0,0,0.0,0,0,0,0,112,5,0,6.646153846,0,0,0,0,0,0,0,877.0,0.0,0,12,2,6,6,5,55.55555556,21,12,57.14285714,3,9,14,65,45.77464789,12,131,38,169,14,0,342,10,2
Jhon Arias,Wolverhampton,M,9,29.03225806,110,8,80.0,205,152,357,89.47368421,10,35.71428571,18,23,0,58,0,4,6,1,15,26,14,95,0,0,0.62174652,3.2517,25,0,6.25,1,1,21,17,4,1,0,,60,43.79562044,0,0,1,42,8,11,0,14,1121,3,0,0,0,0,0.0,0,0,0,0,126,7,0,6.613636364,0,1,0,0,0,0,0,1121.0,0.0,3,9,7,7,3,8,40.0,43,27,62.79069767,11,20,31,70,42.42424242,10,235,164,399,16,0,666,9,1
Tawanda Chirewa,Wolverhampton,M,0,0.0,1,0,0.0,2,1,3,100.0,0,0.0,1,2,0,2,0,0,0,0,1,0,1,4,0,0,0.00168662,,3,0,0.0,0,0,0,0,0,0,0,,4,57.14285714,0,0,0,0,0,0,0,0,31,0,0,0,0,0,0.0,0,0,0,0,2,0,0,6.6,0,0,0,0,0,0,0,0.0,0.0,0,0,0,0,0,0,0.0,3,0,0.0,0,0,0,4,50.0,0,2,1,3,0,0,10,1,0
Jackson Tchatchoua,Wolverhampton,M,20,23.80952381,89,14,41.17647059,204,165,369,75.77002053,23,43.39622642,30,28,1,59,3,0,0,3,54,7,12,65,0,2,1.57964789,0.3312,8,0,0.0,0,1,31,24,7,0,0,,40,53.33333333,0,0,0,118,14,19,0,17,1707,2,0,0,0,0,0.0,0,0,0,0,241,4,0,6.574074074,0,0,0,0,0,0,0,0.0,0.0,0,2,0,1,1,5,35.71428571,27,14,51.85185185,19,14,84,63,49.21875,34,289,198,487,2,0,861,8,3
Fer López,Wolverhampton,M,1,25.0,31,1,25.0,58,17,75,72.81553398,2,33.33333333,4,9,1,10,1,0,3,0,1,6,2,22,0,0,0.60724549,0.1632,6,0,0.0,0,1,9,6,3,0,0,,8,30.76923077,0,0,0,28,0,3,0,2,236,0,0,0,0,0,0.0,0,0,0,0,56,0,0,6.522222222,0,0,0,0,0,0,0,0.0,0.0,0,2,3,1,1,3,42.85714286,1,1,100.0,3,7,4,10,31.25,4,80,23,103,5,0,156,4,1
